SEASON_ID,Player_ID,Game_ID,GAME_DATE,MATCHUP,WL,MIN,FGM,FGA,FG_PCT,FG3M,FG3A,FG3_PCT,FTM,FTA,FT_PCT,OREB,DREB,REB,AST,STL,BLK,TOV,PF,PTS,PLUS_MINUS,VIDEO_AVAILABLE
22007,2544,0020701204,"APR 14, 2008",CLE @ PHI,W,42,10,18,0.556,1,2,0.5,6,12,0.5,1,3,4,5,2,1,5,3,27,-5,0
22007,2544,0020701197,"APR 13, 2008",CLE vs. MIA,W,35,3,9,0.333,0,1,0.0,7,9,0.778,0,11,11,7,1,2,5,1,13,-3,0
22007,2544,0020701179,"APR 11, 2008",CLE @ CHI,L,38,13,21,0.619,2,6,0.333,6,12,0.5,0,6,6,2,3,0,3,2,34,-10,0
22007,2544,0020701168,"APR 09, 2008",CLE vs. NJN,W,35,11,21,0.524,1,4,0.25,10,13,0.769,4,3,7,8,1,2,0,2,33,10,0
22007,2544,0020701137,"APR 05, 2008",CLE vs. ORL,L,42,6,22,0.273,1,5,0.2,4,8,0.5,5,2,7,9,2,2,5,1,17,-15,0
22007,2544,0020701123,"APR 03, 2008",CLE vs. CHI,L,39,10,24,0.417,3,7,0.429,10,14,0.714,0,5,5,4,2,2,3,4,33,-1,0
22007,2544,0020701114,"APR 02, 2008",CLE @ CHA,W,31,11,19,0.579,1,4,0.25,6,6,1.0,2,2,4,5,3,2,4,6,29,3,0
22007,2544,0020701095,"MAR 30, 2008",CLE vs. PHI,W,42,11,18,0.611,1,2,0.5,3,3,1.0,3,6,9,9,3,1,1,4,26,7,0
22007,2544,0020701085,"MAR 29, 2008",CLE @ DET,L,35,4,17,0.235,1,5,0.2,4,6,0.667,0,4,4,5,0,0,5,0,13,-19,0
22007,2544,0020701062,"MAR 26, 2008",CLE vs. NOH,L,41,6,14,0.429,1,2,0.5,8,10,0.8,0,3,3,8,2,2,2,2,21,-3,0
22007,2544,0020701036,"MAR 22, 2008",CLE @ MIL,L,39,9,25,0.36,3,9,0.333,8,10,0.8,4,7,11,4,2,0,4,3,29,-12,0
22007,2544,0020701024,"MAR 21, 2008",CLE vs. TOR,W,41,14,22,0.636,1,3,0.333,0,0,0.0,0,12,12,5,1,0,5,1,29,-3,0
22007,2544,0020701011,"MAR 19, 2008",CLE vs. DET,W,41,11,19,0.579,2,5,0.4,6,7,0.857,3,4,7,6,1,1,0,0,30,15,0
22007,2544,0020700992,"MAR 17, 2008",CLE @ ORL,L,42,11,22,0.5,1,4,0.25,7,11,0.636,2,7,9,6,0,1,3,1,30,-7,0
22007,2544,0020700987,"MAR 16, 2008",CLE vs. CHA,W,42,11,24,0.458,1,3,0.333,10,16,0.625,2,5,7,10,1,2,1,2,33,17,0
22007,2544,0020700963,"MAR 13, 2008",CLE @ WAS,L,43,9,22,0.409,1,7,0.143,6,8,0.75,2,5,7,7,0,0,7,4,25,3,0
22007,2544,0020700955,"MAR 12, 2008",CLE @ NJN,L,46,12,23,0.522,2,7,0.286,16,23,0.696,3,8,11,7,1,2,6,5,42,-4,0
22007,2544,0020700941,"MAR 10, 2008",CLE vs. POR,W,44,7,18,0.389,1,4,0.25,9,13,0.692,1,9,10,11,1,2,4,0,24,10,0
22007,2544,0020700924,"MAR 08, 2008",CLE vs. IND,W,38,11,24,0.458,5,8,0.625,11,12,0.917,4,7,11,4,1,2,2,2,38,15,0
22007,2544,0020700909,"MAR 06, 2008",CLE @ CHI,L,38,13,27,0.481,2,8,0.25,11,12,0.917,0,3,3,1,1,3,4,1,39,-21,0
22007,2544,0020700900,"MAR 05, 2008",CLE @ NYK,W,44,16,30,0.533,7,13,0.538,11,16,0.688,1,7,8,10,4,0,2,3,50,11,0
22007,2544,0020700875,"MAR 02, 2008",CLE vs. CHI,W,40,15,29,0.517,0,5,0.0,7,8,0.875,3,3,6,6,1,0,3,1,37,21,0
22007,2544,0020700861,"FEB 29, 2008",CLE vs. MIN,W,44,11,22,0.5,1,4,0.25,7,9,0.778,2,6,8,13,2,0,3,2,30,12,0
22007,2544,0020700849,"FEB 27, 2008",CLE @ BOS,L,39,7,24,0.292,1,6,0.167,11,15,0.733,4,4,8,4,0,0,3,2,26,-13,0
22007,2544,0020700839,"FEB 26, 2008",CLE @ MIL,L,38,16,24,0.667,1,3,0.333,2,5,0.4,0,4,4,6,0,1,2,3,35,-2,0
22007,2544,0020700826,"FEB 24, 2008",CLE vs. MEM,W,39,10,17,0.588,1,4,0.25,4,5,0.8,1,6,7,11,3,1,6,2,25,19,0
22007,2544,0020700807,"FEB 22, 2008",CLE vs. WAS,W,45,11,20,0.55,2,6,0.333,9,14,0.643,3,12,15,8,1,1,3,1,33,2,0
22007,2544,0020700792,"FEB 20, 2008",CLE @ IND,W,43,11,22,0.5,1,5,0.2,8,12,0.667,2,12,14,12,2,1,4,1,31,14,0
22007,2544,0020700781,"FEB 19, 2008",CLE vs. HOU,L,42,7,18,0.389,4,7,0.571,8,11,0.727,2,11,13,11,2,0,5,2,26,-8,0
22007,2544,0020700768,"FEB 13, 2008",CLE vs. SAS,L,43,17,31,0.548,1,5,0.2,4,7,0.571,2,4,6,9,0,1,3,4,39,-4,0
22007,2544,0020700754,"FEB 11, 2008",CLE @ ORL,W,44,8,15,0.533,1,2,0.5,12,15,0.8,1,6,7,10,3,1,5,3,29,10,0
22007,2544,0020700744,"FEB 10, 2008",CLE vs. DEN,L,33,11,23,0.478,2,5,0.4,6,6,1.0,1,4,5,3,2,0,5,1,30,-25,0
22007,2544,0020700730,"FEB 08, 2008",CLE @ ATL,W,44,11,24,0.458,0,3,0.0,4,4,1.0,4,7,11,7,2,1,1,2,26,5,0
22007,2544,0020700724,"FEB 07, 2008",CLE @ HOU,L,41,12,23,0.522,2,5,0.4,6,11,0.545,1,6,7,6,2,2,3,0,32,-11,0
22007,2544,0020700708,"FEB 05, 2008",CLE vs. BOS,W,42,11,21,0.524,4,8,0.5,7,10,0.7,1,8,9,12,5,2,7,5,33,12,0
22007,2544,0020700690,"FEB 02, 2008",CLE vs. LAC,W,44,8,19,0.421,1,4,0.25,11,16,0.688,0,11,11,7,2,1,3,2,28,15,0
22007,2544,0020700672,"JAN 30, 2008",CLE @ POR,W,44,13,29,0.448,3,6,0.5,8,12,0.667,2,12,14,4,2,2,4,3,37,3,0
22007,2544,0020700643,"JAN 27, 2008",CLE @ LAL,W,44,16,32,0.5,1,5,0.2,8,12,0.667,3,6,9,4,2,0,5,4,41,-3,0
22007,2544,0020700627,"JAN 25, 2008",CLE vs. PHX,L,39,14,30,0.467,0,1,0.0,8,10,0.8,2,5,7,5,2,0,1,3,36,-12,0
22007,2544,0020700612,"JAN 23, 2008",CLE vs. WAS,W,31,7,13,0.538,1,3,0.333,8,9,0.889,2,6,8,8,2,1,0,2,23,31,0
22007,2544,0020700606,"JAN 21, 2008",CLE @ MIA,W,40,11,26,0.423,1,4,0.25,5,5,1.0,1,2,3,5,4,1,5,4,28,12,0
22007,2544,0020700570,"JAN 17, 2008",CLE @ SAS,W,39,9,24,0.375,1,5,0.2,8,12,0.667,3,6,9,7,0,2,3,1,27,-11,0
22007,2544,0020700558,"JAN 15, 2008",CLE @ MEM,W,47,18,28,0.643,6,12,0.5,9,16,0.563,3,5,8,9,3,1,4,1,51,10,0
22007,2544,0020700527,"JAN 11, 2008",CLE vs. CHA,W,50,10,20,0.5,2,7,0.286,9,15,0.6,5,14,19,8,4,3,8,3,31,-2,0
22007,2544,0020700510,"JAN 09, 2008",CLE @ ATL,L,43,13,22,0.591,0,4,0.0,5,9,0.556,3,7,10,6,3,1,3,3,31,-7,0
22007,2544,0020700503,"JAN 08, 2008",CLE vs. SEA,W,35,8,18,0.444,0,3,0.0,6,6,1.0,2,6,8,3,2,0,4,2,22,13,0
22007,2544,0020700490,"JAN 06, 2008",CLE @ TOR,W,46,14,29,0.483,4,8,0.5,7,12,0.583,3,8,11,8,0,0,1,1,39,-1,0
22007,2544,0020700477,"JAN 04, 2008",CLE vs. SAC,W,45,7,18,0.389,1,6,0.167,9,12,0.75,1,7,8,10,5,1,3,1,24,7,0
22007,2544,0020700460,"JAN 02, 2008",CLE vs. ATL,W,40,13,22,0.591,1,3,0.333,9,11,0.818,1,4,5,6,2,1,2,1,36,7,0
22007,2544,0020700438,"DEC 29, 2007",CLE @ NOH,L,42,8,21,0.381,1,4,0.25,4,6,0.667,2,3,5,6,1,0,4,1,21,-18,0
22007,2544,0020700419,"DEC 27, 2007",CLE @ DAL,W,36,9,21,0.429,1,4,0.25,5,10,0.5,4,4,8,7,3,0,3,5,24,5,0
22007,2544,0020700405,"DEC 25, 2007",CLE vs. MIA,W,39,9,19,0.474,0,3,0.0,7,11,0.636,0,6,6,12,1,1,2,3,25,18,0
22007,2544,0020700402,"DEC 23, 2007",CLE vs. GSW,L,41,8,20,0.4,0,2,0.0,9,13,0.692,2,3,5,8,1,1,3,2,25,-12,0
22007,2544,0020700379,"DEC 20, 2007",CLE vs. LAL,W,38,12,29,0.414,0,3,0.0,9,11,0.818,4,6,10,5,1,1,3,3,33,-7,0
22007,2544,0020700370,"DEC 19, 2007",CLE @ NYK,L,37,12,21,0.571,3,6,0.5,5,6,0.833,1,7,8,6,6,0,4,1,32,-9,0
22007,2544,0020700355,"DEC 17, 2007",CLE vs. MIL,W,50,10,25,0.4,0,5,0.0,11,13,0.846,1,7,8,5,1,0,2,3,31,6,0
22007,2544,0020700344,"DEC 15, 2007",CLE vs. PHI,L,42,10,18,0.556,0,1,0.0,1,1,1.0,0,6,6,6,0,1,3,1,21,5,0
22007,2544,0020700331,"DEC 14, 2007",CLE @ NJN,L,41,12,25,0.48,3,9,0.333,2,3,0.667,0,6,6,8,2,0,6,3,29,6,0
22007,2544,0020700308,"DEC 11, 2007",CLE vs. IND,W,23,5,9,0.556,0,1,0.0,7,10,0.7,1,2,3,5,1,1,4,2,17,27,0
22007,2544,0020700214,"NOV 28, 2007",CLE @ DET,L,20,5,11,0.455,0,2,0.0,5,9,0.556,0,1,1,3,0,0,0,1,15,-2,0
22007,2544,0020700204,"NOV 27, 2007",CLE vs. BOS,W,46,11,25,0.44,2,8,0.25,14,15,0.933,0,4,4,13,2,2,3,2,38,14,0
22007,2544,0020700193,"NOV 25, 2007",CLE @ IND,W,36,10,21,0.476,1,6,0.167,9,15,0.6,3,8,11,10,4,1,2,1,30,9,0
22007,2544,0020700183,"NOV 24, 2007",CLE vs. TOR,W,45,14,29,0.483,2,8,0.25,7,8,0.875,3,9,12,12,3,1,4,3,37,7,0
22007,2544,0020700165,"NOV 21, 2007",CLE @ MIN,W,39,17,26,0.654,6,10,0.6,5,8,0.625,2,6,8,5,3,2,3,2,45,14,0
22007,2544,0020700151,"NOV 20, 2007",CLE vs. MIL,L,44,11,22,0.5,1,7,0.143,11,12,0.917,0,7,7,7,1,1,3,4,34,-2,0
22007,2544,0020700124,"NOV 16, 2007",CLE vs. UTA,W,40,13,27,0.481,1,3,0.333,13,15,0.867,2,8,10,9,0,3,5,3,40,13,0
22007,2544,0020700107,"NOV 14, 2007",CLE vs. ORL,L,47,15,27,0.556,2,4,0.5,7,9,0.778,4,9,13,14,0,2,4,1,39,2,0
22007,2544,0020700094,"NOV 12, 2007",CLE @ DEN,L,34,9,16,0.563,1,3,0.333,8,14,0.571,0,1,1,4,2,0,4,3,27,-13,0
22007,2544,0020700092,"NOV 11, 2007",CLE @ LAC,W,36,9,21,0.429,0,2,0.0,4,8,0.5,1,4,5,8,6,1,5,3,22,11,0
22007,2544,0020700077,"NOV 09, 2007",CLE @ SAC,W,44,10,19,0.526,0,2,0.0,6,8,0.75,0,4,4,4,1,1,1,1,26,-1,0
22007,2544,0020700060,"NOV 07, 2007",CLE @ UTA,L,41,12,27,0.444,1,4,0.25,7,15,0.467,2,13,15,13,3,2,4,4,32,4,0
22007,2544,0020700053,"NOV 06, 2007",CLE @ GSW,W,42,9,16,0.563,1,2,0.5,5,7,0.714,1,12,13,9,0,3,2,1,24,4,0
22007,2544,0020700041,"NOV 04, 2007",CLE @ PHX,L,43,11,26,0.423,3,5,0.6,2,2,1.0,1,4,5,8,2,4,3,0,27,-18,0
22007,2544,0020700020,"NOV 02, 2007",CLE vs. NYK,W,44,13,28,0.464,3,5,0.6,16,22,0.727,3,4,7,7,3,1,3,1,45,4,0
22007,2544,0020700008,"OCT 31, 2007",CLE vs. DAL,L,36,2,11,0.182,0,2,0.0,6,10,0.6,1,4,5,4,1,0,5,4,10,-12,0
22008,2544,0020801202,"APR 13, 2009",CLE @ IND,W,39,12,23,0.522,2,7,0.286,11,14,0.786,0,5,5,5,1,0,5,1,37,8,0
22008,2544,0020801197,"APR 12, 2009",CLE vs. BOS,W,30,9,14,0.643,5,8,0.625,6,6,1.0,0,4,4,7,1,1,5,1,29,21,0
22008,2544,0020801177,"APR 10, 2009",CLE @ PHI,W,37,8,17,0.471,1,4,0.25,10,12,0.833,0,2,2,10,0,1,1,4,27,8,0
22008,2544,0020801162,"APR 08, 2009",CLE vs. WAS,W,31,7,15,0.467,0,2,0.0,7,8,0.875,0,6,6,7,3,0,2,1,21,25,0
22008,2544,0020801142,"APR 05, 2009",CLE vs. SAS,W,37,14,21,0.667,2,5,0.4,8,8,1.0,0,7,7,6,1,0,2,1,38,7,0
22008,2544,0020801130,"APR 03, 2009",CLE @ ORL,L,32,7,20,0.35,2,5,0.4,10,10,1.0,1,8,9,5,1,0,2,1,26,-26,0
22008,2544,0020801123,"APR 02, 2009",CLE @ WAS,L,38,11,18,0.611,4,8,0.5,5,7,0.714,1,8,9,6,0,0,6,1,31,-13,0
22008,2544,0020801105,"MAR 31, 2009",CLE vs. DET,W,41,9,24,0.375,0,2,0.0,7,8,0.875,1,11,12,3,3,1,1,0,25,10,0
22008,2544,0020801091,"MAR 29, 2009",CLE vs. DAL,W,31,9,22,0.409,2,4,0.5,4,5,0.8,1,5,6,12,1,2,0,0,24,15,0
22008,2544,0020801077,"MAR 27, 2009",CLE vs. MIN,W,34,8,14,0.571,2,3,0.667,7,10,0.7,2,10,12,7,0,0,5,0,25,25,0
22008,2544,0020801060,"MAR 25, 2009",CLE vs. NJN,W,39,7,14,0.5,1,1,1.0,7,7,1.0,1,7,8,11,1,0,1,0,22,19,0
22008,2544,0020801045,"MAR 22, 2009",CLE @ NJN,W,39,9,17,0.529,1,4,0.25,11,15,0.733,2,9,11,8,1,0,1,0,30,14,0
22008,2544,0020801034,"MAR 21, 2009",CLE vs. ATL,W,40,9,21,0.429,1,4,0.25,3,5,0.6,1,6,7,5,3,1,2,2,22,10,0
22008,2544,0020801021,"MAR 19, 2009",CLE vs. POR,W,47,10,22,0.455,0,3,0.0,6,11,0.545,0,11,11,10,1,2,0,4,26,-1,0
22008,2544,0020801002,"MAR 17, 2009",CLE vs. ORL,W,43,15,27,0.556,4,7,0.571,9,10,0.9,2,10,12,8,4,1,6,1,43,5,0
22008,2544,0020800986,"MAR 15, 2009",CLE vs. NYK,W,40,9,17,0.529,0,3,0.0,1,3,0.333,1,7,8,10,4,3,3,1,19,-1,0
22008,2544,0020800977,"MAR 13, 2009",CLE @ SAC,W,47,16,30,0.533,4,11,0.364,15,17,0.882,0,4,4,9,2,3,3,2,51,6,0
22008,2544,0020800967,"MAR 12, 2009",CLE @ PHX,W,43,10,24,0.417,3,8,0.375,11,13,0.846,6,4,10,13,3,3,3,0,34,7,0
22008,2544,0020800954,"MAR 10, 2009",CLE @ LAC,W,44,10,23,0.435,0,6,0.0,12,16,0.75,4,9,13,11,2,2,4,2,32,7,0
22008,2544,0020800928,"MAR 07, 2009",CLE vs. MIA,W,43,5,15,0.333,0,3,0.0,4,7,0.571,2,8,10,12,1,1,2,0,14,10,0
22008,2544,0020800920,"MAR 06, 2009",CLE @ BOS,L,38,5,15,0.333,2,5,0.4,9,12,0.75,0,6,6,5,1,0,4,1,21,-1,0
22008,2544,0020800905,"MAR 04, 2009",CLE vs. MIL,W,33,7,11,0.636,4,5,0.8,5,7,0.714,1,7,8,4,1,0,3,2,23,24,0
22008,2544,0020800894,"MAR 02, 2009",CLE @ MIA,W,44,13,21,0.619,6,7,0.857,10,10,1.0,1,7,8,4,1,1,6,4,42,8,0
22008,2544,0020800885,"MAR 01, 2009",CLE @ ATL,W,44,8,20,0.4,2,7,0.286,8,14,0.571,1,5,6,11,1,2,0,3,26,4,0
22008,2544,0020800873,"FEB 27, 2009",CLE @ SAS,W,32,12,23,0.522,3,6,0.5,3,3,1.0,4,10,14,4,2,0,1,2,30,29,0
22008,2544,0020800861,"FEB 26, 2009",CLE @ HOU,L,34,7,21,0.333,2,5,0.4,5,6,0.833,0,1,1,0,1,2,3,4,21,-14,0
22008,2544,0020800842,"FEB 24, 2009",CLE vs. MEM,W,30,4,10,0.4,1,2,0.5,6,8,0.75,0,5,5,8,0,1,2,1,15,13,0
22008,2544,0020800835,"FEB 22, 2009",CLE vs. DET,W,31,6,13,0.462,0,3,0.0,8,10,0.8,0,5,5,9,2,1,0,0,20,22,0
22008,2544,0020800818,"FEB 20, 2009",CLE @ MIL,W,40,16,29,0.552,8,11,0.727,15,22,0.682,1,4,5,9,0,0,6,3,55,13,0
22008,2544,0020800799,"FEB 18, 2009",CLE @ TOR,W,33,9,17,0.529,0,3,0.0,2,2,1.0,1,8,9,9,1,1,5,1,20,20,0
22008,2544,0020800774,"FEB 11, 2009",CLE vs. PHX,W,33,9,18,0.5,1,5,0.2,7,8,0.875,2,4,6,6,2,1,3,1,26,22,0
22008,2544,0020800765,"FEB 10, 2009",CLE @ IND,L,41,15,21,0.714,4,7,0.571,13,14,0.929,0,7,7,4,1,1,7,1,47,7,0
22008,2544,0020800751,"FEB 08, 2009",CLE vs. LAL,L,40,5,20,0.25,2,8,0.25,4,8,0.5,3,5,8,12,0,0,1,1,16,-12,0
22008,2544,0020800724,"FEB 04, 2009",CLE @ NYK,W,44,17,33,0.515,2,7,0.286,16,19,0.842,0,9,9,11,0,2,3,1,52,7,0
22008,2544,0020800714,"FEB 03, 2009",CLE vs. TOR,W,38,9,20,0.45,2,5,0.4,13,13,1.0,1,6,7,4,1,2,3,3,33,23,0
22008,2544,0020800704,"FEB 01, 2009",CLE @ DET,W,39,12,25,0.48,3,8,0.375,6,11,0.545,4,0,4,8,1,1,5,3,33,-8,0
22008,2544,0020800686,"JAN 30, 2009",CLE vs. LAC,W,37,9,17,0.529,2,4,0.5,5,6,0.833,0,7,7,6,3,1,3,2,25,32,0
22008,2544,0020800679,"JAN 29, 2009",CLE @ ORL,L,38,10,27,0.37,0,2,0.0,3,6,0.5,1,7,8,8,1,1,2,1,23,-9,0
22008,2544,0020800662,"JAN 27, 2009",CLE vs. SAC,W,38,5,10,0.5,0,2,0.0,13,15,0.867,5,10,15,11,0,3,2,1,23,6,0
22008,2544,0020800644,"JAN 24, 2009",CLE @ UTA,W,41,14,27,0.519,1,6,0.167,4,6,0.667,4,10,14,9,1,0,2,1,33,16,0
22008,2544,0020800638,"JAN 23, 2009",CLE @ GSW,W,41,10,24,0.417,2,5,0.4,10,16,0.625,2,7,9,8,3,2,2,2,32,12,0
22008,2544,0020800624,"JAN 21, 2009",CLE @ POR,W,42,14,30,0.467,3,6,0.5,3,4,0.75,0,7,7,14,1,0,2,1,34,14,0
22008,2544,0020800612,"JAN 19, 2009",CLE @ LAL,L,42,9,25,0.36,1,5,0.2,4,8,0.5,2,7,9,4,4,1,6,1,23,-11,0
22008,2544,0020800583,"JAN 16, 2009",CLE vs. NOH,W,43,12,24,0.5,0,2,0.0,5,6,0.833,3,11,14,7,3,1,4,3,29,19,0
22008,2544,0020800578,"JAN 15, 2009",CLE @ CHI,L,44,8,28,0.286,1,6,0.167,11,16,0.688,3,11,14,7,1,1,8,4,28,2,0
22008,2544,0020800560,"JAN 13, 2009",CLE @ MEM,W,40,9,15,0.6,1,5,0.2,11,14,0.786,0,11,11,10,3,1,2,2,30,21,0
22008,2544,0020800531,"JAN 09, 2009",CLE vs. BOS,W,36,13,25,0.52,3,7,0.429,9,9,1.0,1,6,7,6,4,3,3,2,38,20,0
22008,2544,0020800515,"JAN 07, 2009",CLE vs. CHA,W,31,9,16,0.563,0,1,0.0,3,3,1.0,0,4,4,4,2,2,4,1,21,23,0
22008,2544,0020800496,"JAN 04, 2009",CLE @ WAS,L,41,11,22,0.5,3,9,0.333,5,8,0.625,0,6,6,10,1,2,7,4,30,0,0
22008,2544,0020800476,"JAN 02, 2009",CLE vs. CHI,W,37,3,8,0.375,2,3,0.667,8,8,1.0,1,9,10,11,2,3,5,1,16,27,0
22008,2544,0020800460,"DEC 30, 2008",CLE @ MIA,L,43,12,24,0.5,3,8,0.375,11,14,0.786,0,2,2,7,0,2,5,2,38,-6,0
22008,2544,0020800446,"DEC 28, 2008",CLE vs. MIA,W,43,12,19,0.632,2,4,0.5,7,12,0.583,0,6,6,9,0,1,2,1,33,8,0
22008,2544,0020800424,"DEC 25, 2008",CLE vs. WAS,W,38,6,13,0.462,0,2,0.0,6,10,0.6,0,5,5,6,3,1,3,1,18,-4,0
22008,2544,0020800411,"DEC 23, 2008",CLE vs. HOU,W,38,11,23,0.478,0,3,0.0,5,7,0.714,1,8,9,5,3,1,7,2,27,14,0
22008,2544,0020800402,"DEC 21, 2008",CLE @ OKC,W,43,14,24,0.583,2,4,0.5,1,2,0.5,2,2,4,7,3,1,3,1,31,16,0
22008,2544,0020800388,"DEC 19, 2008",CLE @ DEN,W,39,13,20,0.65,0,2,0.0,7,8,0.875,3,7,10,8,0,0,6,3,33,14,0
22008,2544,0020800372,"DEC 17, 2008",CLE @ MIN,W,40,14,20,0.7,2,6,0.333,2,4,0.5,0,6,6,3,2,2,0,1,32,22,0
22008,2544,0020800337,"DEC 13, 2008",CLE @ ATL,L,46,10,19,0.526,2,7,0.286,11,12,0.917,2,4,6,9,4,1,1,2,33,1,0
22008,2544,0020800326,"DEC 12, 2008",CLE vs. PHI,W,37,9,21,0.429,1,4,0.25,9,12,0.75,3,4,7,7,1,3,0,2,28,13,0
22008,2544,0020800318,"DEC 10, 2008",CLE @ PHI,W,39,10,22,0.455,2,6,0.333,7,8,0.875,2,2,4,5,0,2,1,4,29,-1,0
22008,2544,0020800305,"DEC 09, 2008",CLE vs. TOR,W,30,11,18,0.611,2,5,0.4,7,8,0.875,0,5,5,4,3,0,2,1,31,19,0
22008,2544,0020800287,"DEC 06, 2008",CLE @ CHA,W,28,8,17,0.471,2,4,0.5,7,8,0.875,2,3,5,4,2,2,3,3,25,27,0
22008,2544,0020800279,"DEC 05, 2008",CLE vs. IND,W,38,4,12,0.333,0,4,0.0,3,4,0.75,2,6,8,11,1,3,2,2,11,32,0
22008,2544,0020800265,"DEC 03, 2008",CLE vs. NYK,W,28,5,10,0.5,1,4,0.25,10,10,1.0,0,5,5,6,5,1,0,0,21,30,0
22008,2544,0020800243,"NOV 29, 2008",CLE @ MIL,W,41,12,27,0.444,1,5,0.2,7,10,0.7,1,6,7,5,2,1,3,3,32,7,0
22008,2544,0020800227,"NOV 28, 2008",CLE vs. GSW,W,31,9,13,0.692,3,4,0.75,2,4,0.5,1,6,7,8,3,1,2,2,23,24,0
22008,2544,0020800211,"NOV 26, 2008",CLE vs. OKC,W,17,7,12,0.583,0,1,0.0,0,0,0.0,0,3,3,3,1,3,0,0,14,24,0
22008,2544,0020800206,"NOV 25, 2008",CLE @ NYK,W,30,7,14,0.5,3,7,0.429,9,11,0.818,0,4,4,1,1,1,1,0,26,17,0
22008,2544,0020800186,"NOV 22, 2008",CLE vs. ATL,W,37,8,19,0.421,1,4,0.25,7,7,1.0,1,6,7,8,2,0,2,3,24,16,0
22008,2544,0020800160,"NOV 19, 2008",CLE @ DET,L,39,8,21,0.381,0,4,0.0,9,10,0.9,1,5,6,6,4,0,3,1,25,-5,0
22008,2544,0020800154,"NOV 18, 2008",CLE @ NJN,W,36,9,20,0.45,1,4,0.25,12,17,0.706,0,8,8,4,0,1,3,3,31,17,0
22008,2544,0020800135,"NOV 15, 2008",CLE vs. UTA,W,42,13,21,0.619,3,7,0.429,9,11,0.818,3,2,5,7,2,2,2,2,38,33,0
22008,2544,0020800117,"NOV 13, 2008",CLE vs. DEN,W,38,10,20,0.5,0,0,0.0,2,4,0.5,1,7,8,11,3,0,5,4,22,14,0
22008,2544,0020800099,"NOV 11, 2008",CLE vs. MIL,W,43,16,24,0.667,1,4,0.25,8,10,0.8,0,5,5,6,3,0,2,2,41,11,0
22008,2544,0020800082,"NOV 08, 2008",CLE @ CHI,W,39,13,29,0.448,4,7,0.571,11,13,0.846,4,9,13,4,0,0,2,1,41,12,0
22008,2544,0020800070,"NOV 07, 2008",CLE vs. IND,W,39,11,24,0.458,1,6,0.167,4,7,0.571,2,7,9,8,1,4,4,2,27,-3,0
22008,2544,0020800055,"NOV 05, 2008",CLE vs. CHI,W,36,13,23,0.565,0,2,0.0,15,16,0.938,2,7,9,6,4,0,5,1,41,22,0
22008,2544,0020800046,"NOV 03, 2008",CLE @ DAL,W,34,8,20,0.4,0,2,0.0,13,15,0.867,2,6,8,3,2,1,1,1,29,13,0
22008,2544,0020800033,"NOV 01, 2008",CLE @ NOH,L,38,6,15,0.4,0,3,0.0,3,4,0.75,2,5,7,13,3,0,5,3,15,-8,0
22008,2544,0020800016,"OCT 30, 2008",CLE vs. CHA,W,30,7,15,0.467,0,2,0.0,8,12,0.667,2,7,9,9,0,1,5,3,22,10,0
22008,2544,0020800001,"OCT 28, 2008",CLE @ BOS,L,36,9,21,0.429,0,4,0.0,4,8,0.5,1,6,7,6,2,1,3,4,22,-3,0
22009,2544,0020901150,"APR 06, 2010",CLE vs. TOR,W,36,5,13,0.385,0,2,0.0,9,10,0.9,0,6,6,13,0,1,4,1,19,19,0
22009,2544,0020901141,"APR 04, 2010",CLE @ BOS,L,45,14,31,0.452,0,9,0.0,14,22,0.636,1,6,7,9,1,1,3,0,42,-1,0
22009,2544,0020901126,"APR 02, 2010",CLE vs. ATL,W,38,11,20,0.55,1,3,0.333,4,7,0.571,0,13,13,6,2,0,2,1,27,11,0
22009,2544,0020901109,"MAR 31, 2010",CLE vs. MIL,W,39,7,17,0.412,0,1,0.0,9,13,0.692,1,8,9,7,1,1,4,2,23,10,0
22009,2544,0020901087,"MAR 28, 2010",CLE vs. SAC,W,39,13,22,0.591,3,6,0.5,5,6,0.833,1,6,7,8,3,0,3,2,34,8,0
22009,2544,0020901080,"MAR 26, 2010",CLE @ SAS,L,39,11,21,0.524,1,6,0.167,4,7,0.571,0,5,5,10,2,0,5,2,27,-5,0
22009,2544,0020901064,"MAR 24, 2010",CLE @ NOH,W,41,15,22,0.682,1,5,0.2,7,8,0.875,2,4,6,9,1,0,3,2,38,9,0
22009,2544,0020901040,"MAR 21, 2010",CLE vs. DET,W,31,5,9,0.556,2,3,0.667,3,3,1.0,0,3,3,7,0,1,0,0,15,17,0
22009,2544,0020901022,"MAR 19, 2010",CLE @ CHI,W,38,9,21,0.429,0,3,0.0,11,12,0.917,1,10,11,7,2,2,5,1,29,5,0
22009,2544,0020901006,"MAR 17, 2010",CLE vs. IND,W,39,11,24,0.458,2,4,0.5,8,10,0.8,1,8,9,9,3,2,6,2,32,14,0
22009,2544,0020900998,"MAR 16, 2010",CLE @ DET,W,43,10,22,0.455,1,3,0.333,8,11,0.727,2,10,12,12,1,1,4,0,29,13,0
22009,2544,0020900984,"MAR 14, 2010",CLE vs. BOS,W,39,9,21,0.429,1,3,0.333,11,16,0.688,3,5,8,7,2,3,2,2,30,3,0
22009,2544,0020900965,"MAR 12, 2010",CLE @ PHI,W,42,7,18,0.389,3,10,0.3,6,12,0.5,0,6,6,10,1,3,1,2,23,2,0
22009,2544,0020900915,"MAR 05, 2010",CLE vs. DET,W,42,16,27,0.593,3,7,0.429,5,6,0.833,2,11,13,6,3,2,4,1,40,12,0
22009,2544,0020900902,"MAR 03, 2010",CLE @ NJN,W,41,10,18,0.556,0,4,0.0,6,7,0.857,2,5,7,14,3,1,3,1,26,18,0
22009,2544,0020900887,"MAR 01, 2010",CLE vs. NYK,W,31,9,17,0.529,1,4,0.25,3,5,0.6,0,7,7,7,2,2,3,0,22,39,0
22009,2544,0020900859,"FEB 26, 2010",CLE @ TOR,W,44,10,17,0.588,1,4,0.25,15,16,0.938,0,6,6,9,2,0,1,2,36,8,0
22009,2544,0020900857,"FEB 25, 2010",CLE @ BOS,W,36,11,23,0.478,3,6,0.5,11,15,0.733,1,6,7,9,0,0,2,2,36,9,0
22009,2544,0020900837,"FEB 23, 2010",CLE vs. NOH,W,44,7,16,0.438,2,6,0.333,4,4,1.0,1,4,5,13,2,0,0,0,20,17,0
22009,2544,0020900823,"FEB 21, 2010",CLE @ ORL,L,39,12,25,0.48,1,6,0.167,8,12,0.667,0,9,9,6,2,1,5,0,33,-9,0
22009,2544,0020900804,"FEB 19, 2010",CLE @ CHA,L,36,6,14,0.429,2,6,0.333,8,10,0.8,1,2,3,9,4,0,2,2,22,-2,0
22009,2544,0020900802,"FEB 18, 2010",CLE vs. DEN,L,47,15,33,0.455,1,9,0.111,12,17,0.706,1,12,13,15,2,4,3,1,43,-5,0
22009,2544,0020900779,"FEB 11, 2010",CLE vs. ORL,W,45,10,21,0.476,2,6,0.333,10,12,0.833,1,7,8,13,2,0,3,2,32,16,0
22009,2544,0020900759,"FEB 09, 2010",CLE vs. NJN,W,42,13,21,0.619,1,4,0.25,5,9,0.556,0,3,3,11,1,0,3,0,32,-2,0
22009,2544,0020900743,"FEB 06, 2010",CLE vs. NYK,W,44,17,31,0.548,6,12,0.5,7,7,1.0,1,7,8,8,5,0,5,2,47,4,0
22009,2544,0020900729,"FEB 04, 2010",CLE vs. MIA,W,40,9,16,0.563,1,4,0.25,17,21,0.81,2,5,7,8,2,0,4,1,36,20,0
22009,2544,0020900711,"FEB 02, 2010",CLE vs. MEM,W,37,7,14,0.5,1,4,0.25,7,7,1.0,1,5,6,15,1,1,4,2,22,19,0
22009,2544,0020900697,"JAN 31, 2010",CLE vs. LAC,W,40,10,20,0.5,5,6,0.833,7,8,0.875,1,2,3,11,1,0,1,1,32,15,0
22009,2544,0020900677,"JAN 29, 2010",CLE @ IND,W,36,6,18,0.333,0,4,0.0,10,17,0.588,0,9,9,13,2,4,5,2,22,22,0
22009,2544,0020900663,"JAN 27, 2010",CLE vs. MIN,W,31,3,8,0.375,1,3,0.333,5,6,0.833,0,6,6,11,1,1,3,1,12,16,0
22009,2544,0020900651,"JAN 25, 2010",CLE @ MIA,W,39,9,23,0.391,2,9,0.222,12,17,0.706,0,9,9,4,1,0,4,3,32,1,0
22009,2544,0020900638,"JAN 23, 2010",CLE vs. OKC,W,43,9,19,0.474,6,10,0.6,13,19,0.684,0,9,9,12,1,1,6,2,37,-1,0
22009,2544,0020900621,"JAN 21, 2010",CLE vs. LAL,W,40,13,25,0.52,1,9,0.111,10,13,0.769,0,5,5,9,2,1,4,3,37,5,0
22009,2544,0020900606,"JAN 19, 2010",CLE vs. TOR,W,41,8,18,0.444,0,7,0.0,12,14,0.857,0,9,9,11,3,3,3,1,28,12,0
22009,2544,0020900591,"JAN 16, 2010",CLE @ LAC,W,39,12,20,0.6,3,6,0.5,5,7,0.714,2,2,4,4,2,1,5,3,32,-1,0
22009,2544,0020900570,"JAN 14, 2010",CLE @ UTA,L,40,12,20,0.6,4,6,0.667,8,12,0.667,1,8,9,6,5,1,5,1,36,7,0
22009,2544,0020900552,"JAN 11, 2010",CLE @ GSW,W,42,12,23,0.522,1,4,0.25,12,14,0.857,1,7,8,11,2,4,2,1,37,12,0
22009,2544,0020900542,"JAN 10, 2010",CLE @ POR,W,45,13,19,0.684,3,4,0.75,12,14,0.857,0,10,10,8,0,1,3,1,41,16,0
22009,2544,0020900528,"JAN 08, 2010",CLE @ DEN,L,41,12,28,0.429,2,8,0.25,9,13,0.692,2,4,6,7,1,0,8,1,35,6,0
22009,2544,0020900508,"JAN 06, 2010",CLE vs. WAS,W,31,7,12,0.583,1,4,0.25,8,11,0.727,2,5,7,8,1,2,1,0,23,16,0
22009,2544,0020900489,"JAN 03, 2010",CLE vs. CHA,L,43,13,21,0.619,2,6,0.333,1,2,0.5,0,7,7,6,1,1,1,3,29,-2,0
22009,2544,0020900477,"JAN 02, 2010",CLE @ NJN,W,36,7,16,0.438,1,4,0.25,13,15,0.867,1,8,9,7,1,2,1,0,28,10,0
22009,2544,0020900459,"DEC 30, 2009",CLE vs. ATL,W,43,15,23,0.652,4,6,0.667,14,16,0.875,3,7,10,6,2,2,3,3,48,7,0
22009,2544,0020900452,"DEC 29, 2009",CLE @ ATL,W,40,6,20,0.3,0,5,0.0,2,3,0.667,1,7,8,10,5,1,4,2,14,6,0
22009,2544,0020900440,"DEC 27, 2009",CLE vs. HOU,W,29,12,20,0.6,2,5,0.4,3,4,0.75,2,3,5,6,3,1,1,0,29,16,0
22009,2544,0020900426,"DEC 25, 2009",CLE @ LAL,W,41,9,19,0.474,2,7,0.286,6,11,0.545,0,4,4,9,2,1,7,3,26,8,0
22009,2544,0020900423,"DEC 23, 2009",CLE @ SAC,W,44,14,30,0.467,1,4,0.25,5,7,0.714,4,12,16,10,0,0,2,1,34,26,0
22009,2544,0020900404,"DEC 21, 2009",CLE @ PHX,W,38,11,21,0.524,1,3,0.333,6,6,1.0,1,5,6,4,2,0,3,3,29,26,0
22009,2544,0020900398,"DEC 20, 2009",CLE @ DAL,L,43,9,23,0.391,2,6,0.333,5,7,0.714,0,3,3,6,2,2,2,3,25,-5,0
22009,2544,0020900376,"DEC 18, 2009",CLE vs. MIL,W,38,6,13,0.462,2,4,0.5,12,14,0.857,1,9,10,8,0,3,6,1,26,3,0
22009,2544,0020900361,"DEC 16, 2009",CLE @ PHI,W,40,12,26,0.462,3,6,0.5,9,11,0.818,1,5,6,7,3,1,3,2,36,10,0
22009,2544,0020900352,"DEC 15, 2009",CLE vs. NJN,W,40,9,19,0.474,1,5,0.2,4,6,0.667,1,5,6,7,2,0,6,3,23,7,0
22009,2544,0020900342,"DEC 13, 2009",CLE @ OKC,W,39,16,29,0.552,5,8,0.625,7,10,0.7,0,7,7,6,4,1,1,1,44,13,0
22009,2544,0020900325,"DEC 11, 2009",CLE vs. POR,W,38,14,24,0.583,1,2,0.5,4,6,0.667,1,6,7,7,1,2,4,1,33,8,0
22009,2544,0020900314,"DEC 09, 2009",CLE @ HOU,L,40,8,21,0.381,2,4,0.5,9,10,0.9,1,5,6,7,1,1,5,2,27,-13,0
22009,2544,0020900304,"DEC 08, 2009",CLE @ MEM,L,45,14,29,0.483,4,11,0.364,11,12,0.917,4,9,13,6,0,1,5,2,43,6,0
22009,2544,0020900292,"DEC 06, 2009",CLE @ MIL,W,32,4,10,0.4,0,0,0.0,6,7,0.857,1,4,5,10,1,1,5,2,14,8,0
22009,2544,0020900274,"DEC 04, 2009",CLE vs. CHI,W,34,8,17,0.471,1,3,0.333,6,10,0.6,0,6,6,11,0,0,1,1,23,19,0
22009,2544,0020900260,"DEC 02, 2009",CLE vs. PHX,W,35,6,15,0.4,0,3,0.0,0,0,0.0,1,7,8,10,1,1,3,0,12,19,0
22009,2544,0020900235,"NOV 28, 2009",CLE vs. DAL,W,36,10,20,0.5,0,2,0.0,5,7,0.714,0,5,5,12,0,0,1,2,25,8,0
22009,2544,0020900222,"NOV 27, 2009",CLE @ CHA,L,38,10,19,0.526,2,7,0.286,3,4,0.75,0,6,6,4,0,0,6,4,25,3,0
22009,2544,0020900212,"NOV 25, 2009",CLE @ DET,W,39,12,24,0.5,1,4,0.25,9,11,0.818,1,7,8,7,1,0,5,2,34,12,0
22009,2544,0020900184,"NOV 21, 2009",CLE vs. PHI,W,39,13,20,0.65,2,4,0.5,4,6,0.667,0,7,7,9,0,0,5,3,32,11,0
22009,2544,0020900173,"NOV 20, 2009",CLE @ IND,W,38,13,25,0.52,1,3,0.333,13,14,0.929,2,7,9,7,1,1,2,1,40,4,0
22009,2544,0020900162,"NOV 18, 2009",CLE @ WAS,L,35,12,20,0.6,3,7,0.429,7,8,0.875,0,2,2,9,2,0,6,4,34,-12,0
22009,2544,0020900150,"NOV 17, 2009",CLE vs. GSW,W,39,11,19,0.579,1,5,0.2,8,10,0.8,0,5,5,12,1,2,2,2,31,8,0
22009,2544,0020900137,"NOV 14, 2009",CLE vs. UTA,W,38,6,15,0.4,0,3,0.0,9,12,0.75,0,6,6,9,2,1,2,1,21,6,0
22009,2544,0020900122,"NOV 12, 2009",CLE @ MIA,W,39,8,20,0.4,2,4,0.5,16,18,0.889,1,3,4,7,2,1,2,2,34,6,0
22009,2544,0020900117,"NOV 11, 2009",CLE @ ORL,W,39,13,23,0.565,2,3,0.667,8,9,0.889,2,6,8,4,1,0,4,2,36,7,0
22009,2544,0020900080,"NOV 06, 2009",CLE @ NYK,W,36,12,17,0.706,2,4,0.5,7,9,0.778,0,8,8,9,3,0,7,3,33,8,0
22009,2544,0020900070,"NOV 05, 2009",CLE vs. CHI,L,38,9,17,0.529,1,4,0.25,6,9,0.667,0,7,7,6,1,1,3,0,25,-1,0
22009,2544,0020900051,"NOV 03, 2009",CLE vs. WAS,W,36,7,16,0.438,2,7,0.286,11,13,0.846,3,5,8,6,3,0,4,0,27,5,0
22009,2544,0020900033,"OCT 31, 2009",CLE vs. CHA,W,37,5,11,0.455,0,1,0.0,4,6,0.667,1,6,7,9,0,0,4,1,14,19,0
22009,2544,0020900026,"OCT 30, 2009",CLE @ MIN,W,33,10,18,0.556,2,3,0.667,2,3,0.667,2,7,9,6,1,1,2,1,24,17,0
22009,2544,0020900007,"OCT 28, 2009",CLE @ TOR,L,40,7,19,0.368,1,5,0.2,8,14,0.571,2,9,11,12,2,0,4,1,23,2,0
22009,2544,0020900001,"OCT 27, 2009",CLE vs. BOS,L,45,12,22,0.545,4,9,0.444,10,13,0.769,0,4,4,8,2,4,5,4,38,0,0
22010,2544,0021001202,"APR 11, 2011",MIA @ ATL,W,43,10,21,0.476,2,4,0.5,12,14,0.857,1,9,10,7,3,0,7,1,34,7,0
22010,2544,0021001194,"APR 10, 2011",MIA vs. BOS,W,37,11,19,0.579,0,2,0.0,5,9,0.556,0,5,5,7,4,1,4,1,27,24,0
22010,2544,0021001182,"APR 08, 2011",MIA vs. CHA,W,37,9,16,0.563,0,1,0.0,5,6,0.833,1,6,7,9,2,1,1,2,23,12,0
22010,2544,0021001164,"APR 06, 2011",MIA vs. MIL,L,39,10,22,0.455,3,7,0.429,6,8,0.75,1,1,2,8,2,2,4,2,29,-10,0
22010,2544,0021001142,"APR 03, 2011",MIA @ NJN,W,39,13,18,0.722,0,2,0.0,5,8,0.625,2,9,11,7,3,0,7,2,31,13,0
22010,2544,0021001126,"APR 01, 2011",MIA @ MIN,W,43,11,20,0.55,0,1,0.0,5,7,0.714,2,4,6,10,3,1,3,2,27,15,0
22010,2544,0021001110,"MAR 30, 2011",MIA @ WAS,W,44,12,16,0.75,1,3,0.333,10,13,0.769,1,7,8,8,5,0,5,3,35,20,0
22010,2544,0021001101,"MAR 29, 2011",MIA @ CLE,L,43,10,21,0.476,1,5,0.2,6,10,0.6,0,10,10,12,0,0,3,3,27,-9,0
22010,2544,0021001089,"MAR 27, 2011",MIA vs. HOU,W,40,13,21,0.619,0,1,0.0,7,9,0.778,1,9,10,7,0,0,2,1,33,5,0
22010,2544,0021001072,"MAR 25, 2011",MIA vs. PHI,W,41,11,17,0.647,1,4,0.25,9,9,1.0,2,8,10,2,3,1,4,3,32,17,0
22010,2544,0021001058,"MAR 23, 2011",MIA @ DET,W,42,8,16,0.5,0,3,0.0,3,4,0.75,3,5,8,7,0,0,3,3,19,6,0
22010,2544,0021001030,"MAR 19, 2011",MIA vs. DEN,W,41,15,25,0.6,1,4,0.25,2,2,1.0,0,6,6,2,2,0,5,3,33,16,0
22010,2544,0021001020,"MAR 18, 2011",MIA @ ATL,W,31,16,21,0.762,5,7,0.714,6,7,0.857,0,2,2,3,0,0,4,2,43,23,0
22010,2544,0021001006,"MAR 16, 2011",MIA vs. OKC,L,39,8,21,0.381,0,3,0.0,3,3,1.0,0,8,8,3,1,1,1,0,19,-6,0
22010,2544,0021000993,"MAR 14, 2011",MIA vs. SAS,W,42,8,19,0.421,0,1,0.0,5,5,1.0,0,6,6,8,0,2,2,3,21,22,0
22010,2544,0021000976,"MAR 12, 2011",MIA vs. MEM,W,32,10,16,0.625,2,4,0.5,5,6,0.833,1,4,5,5,1,2,3,1,27,17,0
22010,2544,0021000964,"MAR 10, 2011",MIA vs. LAL,W,42,7,17,0.412,0,3,0.0,5,7,0.714,1,7,8,9,1,0,1,1,19,8,0
22010,2544,0021000951,"MAR 08, 2011",MIA vs. POR,L,46,14,20,0.7,2,4,0.5,1,4,0.25,1,10,11,8,1,0,4,3,31,-2,0
22010,2544,0021000931,"MAR 06, 2011",MIA vs. CHI,L,42,10,18,0.556,1,2,0.5,5,6,0.833,3,5,8,6,2,0,2,2,26,-4,0
22010,2544,0021000923,"MAR 04, 2011",MIA @ SAS,L,36,11,19,0.579,1,3,0.333,3,7,0.429,3,5,8,7,1,0,4,2,26,-16,0
22010,2544,0021000912,"MAR 03, 2011",MIA vs. ORL,L,40,11,16,0.688,0,2,0.0,7,7,1.0,2,4,6,4,0,2,2,2,29,0,0
22010,2544,0021000887,"FEB 27, 2011",MIA vs. NYK,L,39,10,20,0.5,1,5,0.2,6,8,0.75,0,7,7,5,3,1,5,2,27,-3,0
22010,2544,0021000866,"FEB 25, 2011",MIA vs. WAS,W,43,5,11,0.455,0,1,0.0,15,19,0.789,1,8,9,7,1,3,1,2,25,-4,0
22010,2544,0021000859,"FEB 24, 2011",MIA @ CHI,L,41,12,21,0.571,0,4,0.0,5,6,0.833,0,10,10,5,2,1,2,1,29,3,0
22010,2544,0021000841,"FEB 22, 2011",MIA vs. SAC,W,30,14,26,0.538,3,6,0.5,0,3,0.0,2,6,8,3,0,0,3,4,31,18,0
22010,2544,0021000825,"FEB 16, 2011",MIA @ TOR,W,38,8,18,0.444,0,2,0.0,7,10,0.7,3,10,13,8,0,0,5,1,23,6,0
22010,2544,0021000818,"FEB 15, 2011",MIA @ IND,W,41,11,20,0.55,1,3,0.333,4,6,0.667,1,5,6,5,2,2,5,1,27,9,0
22010,2544,0021000804,"FEB 13, 2011",MIA @ BOS,L,43,10,21,0.476,0,2,0.0,2,3,0.667,1,6,7,7,1,0,4,2,22,1,0
22010,2544,0021000792,"FEB 11, 2011",MIA @ DET,W,35,7,17,0.412,0,2,0.0,2,3,0.667,0,8,8,10,4,0,3,0,16,15,0
22010,2544,0021000769,"FEB 08, 2011",MIA vs. IND,W,42,15,23,0.652,2,5,0.4,9,13,0.692,3,10,13,8,3,1,4,1,41,18,0
22010,2544,0021000754,"FEB 06, 2011",MIA vs. LAC,W,36,6,15,0.4,0,2,0.0,0,2,0.0,1,5,6,4,4,0,6,2,12,15,0
22010,2544,0021000733,"FEB 04, 2011",MIA @ CHA,W,37,7,13,0.538,0,3,0.0,5,6,0.833,1,7,8,9,0,0,3,3,19,10,0
22010,2544,0021000730,"FEB 03, 2011",MIA @ ORL,W,43,17,25,0.68,3,5,0.6,14,17,0.824,2,9,11,8,1,1,3,2,51,2,0
22010,2544,0021000710,"JAN 31, 2011",MIA vs. CLE,W,31,7,14,0.5,0,0,0.0,10,11,0.909,1,3,4,8,0,2,2,1,24,20,0
22010,2544,0021000701,"JAN 30, 2011",MIA @ OKC,W,40,7,14,0.5,2,5,0.4,7,11,0.636,0,4,4,13,4,3,4,3,23,6,0
22010,2544,0021000686,"JAN 28, 2011",MIA vs. DET,W,44,15,25,0.6,2,4,0.5,7,10,0.7,0,8,8,9,1,2,3,1,39,4,0
22010,2544,0021000678,"JAN 27, 2011",MIA @ NYK,L,43,7,24,0.292,0,2,0.0,10,12,0.833,2,9,11,5,2,2,4,3,24,5,0
22010,2544,0021000643,"JAN 22, 2011",MIA vs. TOR,W,38,14,29,0.483,1,3,0.333,9,14,0.643,1,10,11,6,2,1,1,2,38,13,0
22010,2544,0021000611,"JAN 18, 2011",MIA vs. ATL,L,44,11,30,0.367,2,10,0.2,10,11,0.909,2,8,10,7,2,0,6,3,34,-5,0
22010,2544,0021000572,"JAN 12, 2011",MIA @ LAC,L,40,11,24,0.458,3,6,0.5,2,5,0.4,2,6,8,6,0,0,3,1,27,-3,0
22010,2544,0021000549,"JAN 09, 2011",MIA @ POR,W,46,17,26,0.654,3,5,0.6,7,10,0.7,3,10,13,6,2,0,6,4,44,5,0
22010,2544,0021000532,"JAN 07, 2011",MIA @ MIL,W,45,8,23,0.348,1,4,0.25,9,11,0.818,1,9,10,5,6,1,5,2,26,7,0
22010,2544,0021000505,"JAN 04, 2011",MIA vs. MIL,W,37,8,15,0.533,0,0,0.0,9,11,0.818,1,5,6,9,0,2,2,2,25,10,0
22010,2544,0021000499,"JAN 03, 2011",MIA @ CHA,W,37,15,26,0.577,2,4,0.5,6,6,1.0,0,9,9,5,1,0,3,3,38,20,0
22010,2544,0021000486,"JAN 01, 2011",MIA vs. GSW,W,42,7,15,0.467,0,3,0.0,11,17,0.647,2,5,7,10,1,1,3,1,25,6,0
22010,2544,0021000469,"DEC 29, 2010",MIA @ HOU,W,39,8,15,0.533,0,4,0.0,4,4,1.0,0,6,6,9,1,0,3,3,20,16,0
22010,2544,0021000457,"DEC 28, 2010",MIA vs. NYK,W,40,8,17,0.471,1,2,0.5,1,3,0.333,0,10,10,8,0,0,3,3,18,17,0
22010,2544,0021000435,"DEC 25, 2010",MIA @ LAL,W,38,8,14,0.571,5,6,0.833,6,6,1.0,1,10,11,10,4,0,1,2,27,15,0
22010,2544,0021000432,"DEC 23, 2010",MIA @ PHX,W,37,13,22,0.591,2,5,0.4,8,8,1.0,1,5,6,4,3,0,5,5,36,4,0
22010,2544,0021000410,"DEC 20, 2010",MIA vs. DAL,L,36,6,17,0.353,2,4,0.5,5,7,0.714,3,7,10,7,0,0,5,4,19,-20,0
22010,2544,0021000393,"DEC 18, 2010",MIA @ WAS,W,41,9,19,0.474,3,7,0.429,11,12,0.917,1,6,7,6,1,0,4,3,32,6,0
22010,2544,0021000382,"DEC 17, 2010",MIA @ NYK,W,38,14,23,0.609,3,6,0.5,1,3,0.333,1,10,11,10,1,0,5,1,32,31,0
22010,2544,0021000371,"DEC 15, 2010",MIA vs. CLE,W,39,5,15,0.333,0,4,0.0,11,18,0.611,2,11,13,5,1,0,4,1,21,0,0
22010,2544,0021000355,"DEC 13, 2010",MIA vs. NOH,W,40,6,16,0.375,0,3,0.0,8,10,0.8,1,3,4,7,0,0,5,2,20,11,0
22010,2544,0021000348,"DEC 11, 2010",MIA @ SAC,W,35,10,19,0.526,2,3,0.667,3,5,0.6,1,9,10,3,2,0,3,1,25,15,0
22010,2544,0021000340,"DEC 10, 2010",MIA @ GSW,W,31,10,18,0.556,3,4,0.75,2,3,0.667,0,7,7,9,1,1,4,1,25,22,0
22010,2544,0021000324,"DEC 08, 2010",MIA @ UTA,W,39,12,20,0.6,3,5,0.6,6,7,0.857,1,6,7,9,0,0,2,4,33,0,0
22010,2544,0021000306,"DEC 06, 2010",MIA @ MIL,W,39,7,16,0.438,1,3,0.333,2,4,0.5,0,6,6,6,1,1,1,5,17,17,0
22010,2544,0021000288,"DEC 04, 2010",MIA vs. ATL,W,37,5,11,0.455,1,1,1.0,11,13,0.846,0,7,7,4,1,1,2,1,22,5,0
22010,2544,0021000273,"DEC 02, 2010",MIA @ CLE,W,30,15,25,0.6,2,7,0.286,6,9,0.667,0,5,5,8,1,1,0,1,38,26,0
22010,2544,0021000265,"DEC 01, 2010",MIA vs. DET,W,31,8,15,0.533,1,1,1.0,1,2,0.5,2,4,6,3,1,0,4,0,18,17,0
22010,2544,0021000250,"NOV 29, 2010",MIA vs. WAS,W,38,10,18,0.556,1,1,1.0,9,11,0.818,1,5,6,5,1,1,7,3,30,3,0
22010,2544,0021000239,"NOV 27, 2010",MIA @ DAL,L,36,5,19,0.263,0,4,0.0,13,15,0.867,2,6,8,4,1,0,5,3,23,-14,0
22010,2544,0021000226,"NOV 26, 2010",MIA vs. PHI,W,41,5,15,0.333,1,5,0.2,9,11,0.818,1,7,8,6,2,1,2,1,20,11,0
22010,2544,0021000213,"NOV 24, 2010",MIA @ ORL,L,41,9,18,0.5,1,3,0.333,6,8,0.75,1,5,6,4,1,0,3,3,25,-15,0
22010,2544,0021000196,"NOV 22, 2010",MIA vs. IND,L,42,6,14,0.429,2,8,0.25,11,15,0.733,0,5,5,6,1,0,6,3,25,-1,0
22010,2544,0021000185,"NOV 20, 2010",MIA @ MEM,L,42,11,23,0.478,2,4,0.5,5,6,0.833,0,3,3,11,1,0,4,2,29,-1,0
22010,2544,0021000175,"NOV 19, 2010",MIA vs. CHA,W,39,12,25,0.48,2,5,0.4,6,7,0.857,0,2,2,5,2,0,4,1,32,4,0
22010,2544,0021000158,"NOV 17, 2010",MIA vs. PHX,W,23,9,15,0.6,0,2,0.0,2,3,0.667,3,5,8,9,3,0,3,5,20,24,0
22010,2544,0021000133,"NOV 13, 2010",MIA vs. TOR,W,39,8,21,0.381,0,1,0.0,7,11,0.636,1,1,2,11,2,0,3,0,23,11,0
22010,2544,0021000118,"NOV 11, 2010",MIA vs. BOS,L,44,9,21,0.429,0,5,0.0,17,22,0.773,0,10,10,9,3,0,4,3,35,0,0
22010,2544,0021000103,"NOV 09, 2010",MIA vs. UTA,L,47,5,18,0.278,0,1,0.0,10,11,0.909,2,9,11,14,1,3,2,3,20,4,0
22010,2544,0021000082,"NOV 06, 2010",MIA vs. NJN,W,34,9,16,0.563,2,4,0.5,3,5,0.6,0,3,3,9,2,0,4,1,23,11,0
22010,2544,0021000075,"NOV 05, 2010",MIA @ NOH,L,41,6,16,0.375,1,2,0.5,7,8,0.875,0,7,7,10,3,1,3,0,20,-6,0
22010,2544,0021000050,"NOV 02, 2010",MIA vs. MIN,W,32,7,12,0.583,0,2,0.0,6,8,0.75,0,0,0,12,2,1,1,0,20,32,0
22010,2544,0021000040,"OCT 31, 2010",MIA @ NJN,W,29,5,12,0.417,0,4,0.0,10,12,0.833,0,7,7,7,2,0,5,3,20,18,0
22010,2544,0021000025,"OCT 29, 2010",MIA vs. ORL,W,30,6,13,0.462,2,3,0.667,1,2,0.5,0,6,6,7,0,0,3,4,15,13,0
22010,2544,0021000006,"OCT 27, 2010",MIA @ PHI,W,38,5,12,0.417,0,2,0.0,6,6,1.0,0,6,6,7,2,1,9,1,16,6,0
22010,2544,0021000001,"OCT 26, 2010",MIA @ BOS,L,43,10,21,0.476,3,6,0.5,8,12,0.667,0,4,4,3,1,2,8,1,31,1,0
22011,2544,0021100954,"APR 22, 2012",MIA vs. HOU,W,36,11,21,0.524,1,3,0.333,9,10,0.9,1,7,8,5,1,2,5,1,32,12,0
22011,2544,0021100934,"APR 19, 2012",MIA vs. CHI,W,35,8,18,0.444,1,2,0.5,10,12,0.833,0,11,11,6,0,1,1,3,27,11,0
22011,2544,0021100923,"APR 18, 2012",MIA vs. TOR,W,30,12,15,0.8,1,1,1.0,3,4,0.75,0,5,5,4,2,0,5,0,28,20,0
22011,2544,0021100906,"APR 16, 2012",MIA @ NJN,W,35,11,19,0.579,1,2,0.5,14,15,0.933,1,5,6,7,2,1,4,2,37,-4,0
22011,2544,0021100893,"APR 15, 2012",MIA @ NYK,W,40,11,24,0.458,1,6,0.167,6,9,0.667,2,8,10,3,2,0,6,4,29,18,0
22011,2544,0021100879,"APR 13, 2012",MIA vs. CHA,W,29,7,16,0.438,0,1,0.0,5,7,0.714,1,8,9,5,2,1,2,1,19,18,0
22011,2544,0021100870,"APR 12, 2012",MIA @ CHI,L,47,11,24,0.458,3,6,0.5,5,7,0.714,1,5,6,5,1,1,4,1,30,-1,0
22011,2544,0021100853,"APR 10, 2012",MIA vs. BOS,L,41,11,23,0.478,1,3,0.333,13,14,0.929,5,2,7,7,1,1,2,3,36,-6,0
22011,2544,0021100838,"APR 08, 2012",MIA vs. DET,W,32,12,22,0.545,1,3,0.333,1,5,0.2,3,1,4,2,0,1,1,1,26,10,0
22011,2544,0021100819,"APR 06, 2012",MIA vs. MEM,L,38,8,19,0.421,2,6,0.333,3,4,0.75,2,4,6,6,2,0,3,0,21,-6,0
22011,2544,0021100803,"APR 04, 2012",MIA vs. OKC,W,42,10,20,0.5,3,7,0.429,11,13,0.846,1,6,7,10,4,1,2,2,34,20,0
22011,2544,0021100794,"APR 03, 2012",MIA vs. PHI,W,38,15,25,0.6,1,2,0.5,10,13,0.769,3,3,6,4,3,1,4,0,41,12,0
22011,2544,0021100778,"APR 01, 2012",MIA @ BOS,L,35,11,20,0.55,0,0,0.0,1,2,0.5,2,2,4,0,0,1,2,1,23,-30,0
22011,2544,0021100757,"MAR 30, 2012",MIA @ TOR,W,39,11,18,0.611,0,2,0.0,4,6,0.667,1,3,4,9,1,0,3,0,26,9,0
22011,2544,0021100754,"MAR 29, 2012",MIA vs. DAL,W,36,8,16,0.5,0,2,0.0,3,3,1.0,3,6,9,5,2,0,3,3,19,9,0
22011,2544,0021100730,"MAR 26, 2012",MIA @ IND,L,41,9,21,0.429,2,4,0.5,4,6,0.667,2,7,9,2,1,0,6,1,24,-14,0
22011,2544,0021100724,"MAR 25, 2012",MIA @ OKC,L,40,8,18,0.444,0,3,0.0,1,1,1.0,0,3,3,7,2,0,4,2,17,-10,0
22011,2544,0021100704,"MAR 23, 2012",MIA @ DET,W,37,6,15,0.4,0,3,0.0,5,5,1.0,0,6,6,10,4,1,5,0,17,8,0
22011,2544,0021100678,"MAR 20, 2012",MIA vs. PHX,W,38,8,18,0.444,0,3,0.0,4,6,0.667,1,7,8,6,2,2,3,2,20,15,0
22011,2544,0021100666,"MAR 18, 2012",MIA vs. ORL,W,39,4,14,0.286,0,1,0.0,6,8,0.75,0,12,12,7,5,0,4,4,14,13,0
22011,2544,0021100643,"MAR 16, 2012",MIA @ PHI,W,38,12,20,0.6,0,2,0.0,5,8,0.625,2,5,7,8,2,2,1,0,29,10,0
22011,2544,0021100629,"MAR 14, 2012",MIA @ CHI,L,40,14,25,0.56,2,3,0.667,5,5,1.0,1,4,5,4,4,0,2,2,35,5,0
22011,2544,0021100618,"MAR 13, 2012",MIA @ ORL,L,42,7,20,0.35,2,4,0.5,3,3,1.0,3,8,11,8,1,1,6,0,19,0,0
22011,2544,0021100595,"MAR 10, 2012",MIA vs. IND,W,47,8,19,0.421,2,3,0.667,9,15,0.6,1,7,8,4,4,1,4,1,27,3,0
22011,2544,0021100573,"MAR 07, 2012",MIA vs. ATL,W,42,12,20,0.6,0,3,0.0,7,10,0.7,4,7,11,2,1,2,2,1,31,7,0
22011,2544,0021100566,"MAR 06, 2012",MIA vs. NJN,W,30,9,11,0.818,1,1,1.0,2,2,1.0,1,8,9,6,0,0,5,0,21,20,0
22011,2544,0021100547,"MAR 04, 2012",MIA @ LAL,L,43,12,26,0.462,0,4,0.0,1,3,0.333,7,6,13,7,3,2,3,1,25,-13,0
22011,2544,0021100536,"MAR 02, 2012",MIA @ UTA,L,44,16,24,0.667,1,4,0.25,2,3,0.667,1,9,10,6,0,3,0,2,35,7,0
22011,2544,0021100527,"MAR 01, 2012",MIA @ POR,W,41,13,22,0.591,2,2,1.0,10,12,0.833,2,9,11,6,5,1,0,1,38,8,0
22011,2544,0021100499,"FEB 23, 2012",MIA vs. NYK,W,41,7,16,0.438,0,0,0.0,6,6,1.0,1,8,9,8,5,2,4,3,20,12,0
22011,2544,0021100483,"FEB 21, 2012",MIA vs. SAC,W,33,7,11,0.636,2,2,1.0,2,2,1.0,0,4,4,8,0,2,3,1,18,7,0
22011,2544,0021100461,"FEB 19, 2012",MIA vs. ORL,W,37,9,14,0.643,1,2,0.5,6,7,0.857,1,10,11,8,2,0,2,2,25,23,0
22011,2544,0021100449,"FEB 17, 2012",MIA @ CLE,W,30,11,19,0.579,3,5,0.6,3,3,1.0,2,3,5,5,1,1,2,2,28,27,0
22011,2544,0021100421,"FEB 14, 2012",MIA @ IND,W,33,7,15,0.467,2,5,0.4,7,8,0.875,2,7,9,7,4,0,2,2,23,27,0
22011,2544,0021100416,"FEB 13, 2012",MIA @ MIL,W,33,16,21,0.762,0,0,0.0,3,3,1.0,3,5,8,3,1,0,2,3,35,14,0
22011,2544,0021100411,"FEB 12, 2012",MIA @ ATL,W,30,6,15,0.4,1,3,0.333,10,12,0.833,3,10,13,6,1,0,2,1,23,26,0
22011,2544,0021100390,"FEB 10, 2012",MIA @ WAS,W,33,6,14,0.429,0,2,0.0,6,7,0.857,0,2,2,9,0,2,1,1,18,14,0
22011,2544,0021100376,"FEB 08, 2012",MIA @ ORL,L,39,5,15,0.333,0,2,0.0,7,10,0.7,0,6,6,10,3,0,3,0,17,-1,0
22011,2544,0021100369,"FEB 07, 2012",MIA vs. CLE,W,39,9,16,0.563,0,1,0.0,6,7,0.857,1,4,5,6,2,0,6,1,24,5,0
22011,2544,0021100356,"FEB 05, 2012",MIA vs. TOR,W,38,10,17,0.588,0,1,0.0,10,12,0.833,0,9,9,2,1,0,5,1,30,11,0
22011,2544,0021100333,"FEB 03, 2012",MIA @ PHI,W,37,8,16,0.5,0,1,0.0,3,6,0.5,1,11,12,8,0,2,2,2,19,19,0
22011,2544,0021100319,"FEB 01, 2012",MIA @ MIL,L,40,14,24,0.583,4,7,0.571,8,10,0.8,0,8,8,5,2,0,7,1,40,-6,0
22011,2544,0021100301,"JAN 30, 2012",MIA vs. NOH,W,30,8,12,0.667,1,2,0.5,5,7,0.714,4,7,11,8,1,0,4,1,22,29,0
22011,2544,0021100291,"JAN 29, 2012",MIA vs. CHI,W,41,12,23,0.522,1,1,1.0,10,15,0.667,1,10,11,5,0,1,6,2,35,3,0
22011,2544,0021100276,"JAN 27, 2012",MIA vs. NYK,W,40,11,18,0.611,0,2,0.0,9,10,0.9,1,7,8,7,0,0,4,2,31,4,0
22011,2544,0021100260,"JAN 25, 2012",MIA @ DET,W,42,9,20,0.45,1,3,0.333,13,14,0.929,1,5,6,7,2,0,4,3,32,6,0
22011,2544,0021100254,"JAN 24, 2012",MIA vs. CLE,W,38,8,21,0.381,1,4,0.25,1,4,0.25,1,4,5,5,2,0,5,1,18,9,0
22011,2544,0021100240,"JAN 22, 2012",MIA vs. MIL,L,37,8,18,0.444,0,1,0.0,12,13,0.923,4,9,13,5,1,0,3,2,28,-4,0
22011,2544,0021100229,"JAN 21, 2012",MIA vs. PHI,W,36,12,17,0.706,0,0,0.0,4,4,1.0,0,9,9,5,4,3,4,1,28,9,0
22011,2544,0021100213,"JAN 19, 2012",MIA vs. LAL,W,37,12,27,0.444,2,3,0.667,5,7,0.714,3,5,8,8,4,3,3,4,31,0,0
22011,2544,0021100197,"JAN 17, 2012",MIA vs. SAS,W,35,12,21,0.571,4,6,0.667,5,9,0.556,1,4,5,10,0,0,4,0,33,19,0
22011,2544,0021100168,"JAN 13, 2012",MIA @ DEN,L,37,13,20,0.65,3,5,0.6,6,11,0.545,1,4,5,6,2,1,4,0,35,-16,0
22011,2544,0021100153,"JAN 11, 2012",MIA @ LAC,L,42,7,19,0.368,0,1,0.0,9,17,0.529,2,11,13,7,2,0,6,5,23,-9,0
22011,2544,0021100142,"JAN 10, 2012",MIA @ GSW,L,43,10,19,0.526,0,2,0.0,6,8,0.75,1,10,11,7,2,0,5,1,26,-5,0
22011,2544,0021100112,"JAN 07, 2012",MIA @ NJN,W,37,11,17,0.647,0,1,0.0,10,12,0.833,0,7,7,9,2,1,8,2,32,7,0
22011,2544,0021100086,"JAN 04, 2012",MIA vs. IND,W,38,12,21,0.571,0,0,0.0,9,11,0.818,2,6,8,13,2,0,2,2,33,31,0
22011,2544,0021100070,"JAN 02, 2012",MIA vs. ATL,L,39,11,18,0.611,0,0,0.0,6,9,0.667,2,5,7,6,0,0,4,1,28,-1,0
22011,2544,0021100059,"JAN 01, 2012",MIA vs. CHA,W,28,6,10,0.6,0,0,0.0,4,6,0.667,0,9,9,5,1,0,2,2,16,24,0
22011,2544,0021100045,"DEC 30, 2011",MIA @ MIN,W,37,16,26,0.615,0,1,0.0,2,4,0.5,1,7,8,10,4,1,4,2,34,14,0
22011,2544,0021100024,"DEC 28, 2011",MIA @ CHA,W,39,13,23,0.565,0,0,0.0,9,9,1.0,0,6,6,7,3,2,2,0,35,5,0
22011,2544,0021100019,"DEC 27, 2011",MIA vs. BOS,W,36,9,14,0.643,0,0,0.0,8,9,0.889,1,5,6,5,2,1,3,3,26,-7,0
22011,2544,0021100002,"DEC 25, 2011",MIA @ DAL,W,36,11,19,0.579,0,0,0.0,15,19,0.789,3,7,10,6,2,2,3,3,37,27,0
22012,2544,0021201194,"APR 14, 2013",MIA vs. CHI,W,35,7,12,0.583,1,1,1.0,9,12,0.75,0,7,7,6,1,0,3,2,24,8,1
22012,2544,0021201180,"APR 12, 2013",MIA vs. BOS,W,29,8,10,0.8,0,0,0.0,4,4,1.0,1,5,6,9,0,0,1,1,20,6,1
22012,2544,0021201157,"APR 09, 2013",MIA vs. MIL,W,30,11,16,0.688,0,1,0.0,6,6,1.0,1,6,7,7,2,1,3,0,28,21,1
22012,2544,0021201140,"APR 06, 2013",MIA vs. PHI,W,30,12,17,0.706,1,2,0.5,2,2,1.0,0,4,4,5,1,0,1,1,27,22,1
22012,2544,0021201080,"MAR 29, 2013",MIA @ NOH,W,32,13,20,0.65,7,10,0.7,3,5,0.6,0,4,4,6,2,0,3,0,36,19,1
22012,2544,0021201062,"MAR 27, 2013",MIA @ CHI,L,40,11,17,0.647,2,5,0.4,8,11,0.727,0,7,7,3,2,4,4,1,32,2,1
22012,2544,0021201049,"MAR 25, 2013",MIA @ ORL,W,39,9,16,0.563,0,0,0.0,6,10,0.6,1,8,9,11,1,0,3,2,24,25,1
22012,2544,0021201041,"MAR 24, 2013",MIA vs. CHA,W,34,11,14,0.786,0,1,0.0,10,11,0.909,0,8,8,10,3,3,4,0,32,22,1
22012,2544,0021201026,"MAR 22, 2013",MIA vs. DET,W,40,12,15,0.8,1,1,1.0,4,6,0.667,1,7,8,8,2,1,3,1,29,14,1
22012,2544,0021201009,"MAR 20, 2013",MIA @ CLE,W,42,8,22,0.364,3,7,0.429,6,8,0.75,7,5,12,10,3,2,4,1,25,1,1
22012,2544,0021200998,"MAR 18, 2013",MIA @ BOS,W,42,16,29,0.552,1,4,0.25,4,6,0.667,1,6,7,12,2,2,5,3,37,13,1
22012,2544,0021200985,"MAR 17, 2013",MIA @ TOR,W,34,6,12,0.5,2,6,0.333,8,11,0.727,1,11,12,8,2,0,3,1,22,10,1
22012,2544,0021200975,"MAR 15, 2013",MIA @ MIL,W,38,12,24,0.5,0,2,0.0,4,5,0.8,1,9,10,7,0,1,2,1,28,5,1
22012,2544,0021200956,"MAR 13, 2013",MIA @ PHI,W,37,8,19,0.421,1,4,0.25,10,12,0.833,2,5,7,8,2,1,4,1,27,7,1
22012,2544,0021200952,"MAR 12, 2013",MIA vs. ATL,W,30,3,11,0.273,0,2,0.0,9,12,0.75,3,4,7,7,2,0,4,1,15,21,1
22012,2544,0021200938,"MAR 10, 2013",MIA vs. IND,W,36,5,10,0.5,0,0,0.0,3,5,0.6,1,5,6,7,1,1,4,1,13,23,1
22012,2544,0021200921,"MAR 08, 2013",MIA vs. PHI,W,34,10,17,0.588,2,3,0.667,3,5,0.6,3,7,10,5,1,2,3,2,25,19,1
22012,2544,0021200903,"MAR 06, 2013",MIA vs. ORL,W,38,7,14,0.5,1,6,0.167,11,12,0.917,0,3,3,2,0,1,2,0,26,8,0
22012,2544,0021200892,"MAR 04, 2013",MIA @ MIN,W,35,9,16,0.563,1,4,0.25,1,1,1.0,1,9,10,4,3,2,7,3,20,10,0
22012,2544,0021200880,"MAR 03, 2013",MIA @ NYK,W,43,12,23,0.522,2,6,0.333,3,6,0.5,3,8,11,7,3,1,2,1,29,9,1
22012,2544,0021200868,"MAR 01, 2013",MIA vs. MEM,W,42,4,14,0.286,2,4,0.5,8,12,0.667,1,7,8,10,2,1,1,1,18,-1,1
22012,2544,0021200845,"FEB 26, 2013",MIA vs. SAC,W,48,14,23,0.609,1,2,0.5,11,12,0.917,3,5,8,16,2,1,2,1,40,11,1
22012,2544,0021200833,"FEB 24, 2013",MIA vs. CLE,W,39,10,19,0.526,0,1,0.0,8,11,0.727,2,1,3,8,1,0,2,0,28,6,1
22012,2544,0021200826,"FEB 23, 2013",MIA @ PHI,W,32,7,12,0.583,1,4,0.25,1,2,0.5,1,9,10,11,2,0,2,1,16,14,1
22012,2544,0021200809,"FEB 21, 2013",MIA @ CHI,W,34,11,15,0.733,1,4,0.25,3,3,1.0,1,11,12,7,2,0,4,2,26,6,1
22012,2544,0021200802,"FEB 20, 2013",MIA @ ATL,W,40,8,15,0.533,1,4,0.25,7,8,0.875,0,6,6,11,4,0,2,1,24,16,1
22012,2544,0021200787,"FEB 14, 2013",MIA @ OKC,W,40,14,24,0.583,4,8,0.5,7,9,0.778,3,9,12,7,2,0,4,3,39,15,1
22012,2544,0021200770,"FEB 12, 2013",MIA vs. POR,W,39,11,15,0.733,1,3,0.333,7,8,0.875,0,6,6,9,3,2,1,0,30,21,1
22012,2544,0021200753,"FEB 10, 2013",MIA vs. LAL,W,36,12,18,0.667,1,2,0.5,7,8,0.875,1,6,7,4,3,0,4,4,32,7,1
22012,2544,0021200741,"FEB 08, 2013",MIA vs. LAC,W,31,9,11,0.818,4,5,0.8,8,11,0.727,1,4,5,6,0,2,5,3,30,21,1
22012,2544,0021200726,"FEB 06, 2013",MIA vs. HOU,W,37,11,18,0.611,3,6,0.5,7,10,0.7,1,5,6,5,0,2,4,2,32,4,1
22012,2544,0021200711,"FEB 04, 2013",MIA vs. CHA,W,38,13,14,0.929,0,0,0.0,5,6,0.833,0,8,8,8,2,0,5,1,31,8,1
22012,2544,0021200707,"FEB 03, 2013",MIA @ TOR,W,40,10,16,0.625,1,2,0.5,9,11,0.818,0,8,8,7,2,0,3,1,30,29,1
22012,2544,0021200685,"FEB 01, 2013",MIA @ IND,L,42,9,17,0.529,1,3,0.333,9,11,0.818,1,5,6,3,1,1,3,4,28,-9,1
22012,2544,0021200675,"JAN 30, 2013",MIA @ BKN,W,34,10,18,0.556,3,4,0.75,1,4,0.25,2,7,9,7,2,0,4,2,24,22,1
22012,2544,0021200652,"JAN 27, 2013",MIA @ BOS,L,52,14,31,0.452,3,6,0.5,3,5,0.6,4,12,16,7,3,1,3,3,34,-2,1
22012,2544,0021200634,"JAN 25, 2013",MIA vs. DET,W,33,9,14,0.643,0,1,0.0,5,6,0.833,1,6,7,7,1,0,2,0,23,22,1
22012,2544,0021200619,"JAN 23, 2013",MIA vs. TOR,W,45,12,23,0.522,1,5,0.2,6,7,0.857,1,9,10,11,0,0,3,1,31,9,1
22012,2544,0021200583,"JAN 17, 2013",MIA @ LAL,W,42,17,25,0.68,1,2,0.5,4,4,1.0,0,7,7,8,3,1,2,2,39,13,1
22012,2544,0021200579,"JAN 16, 2013",MIA @ GSW,W,31,11,20,0.55,1,5,0.2,2,3,0.667,1,6,7,10,1,0,1,2,25,33,0
22012,2544,0021200561,"JAN 14, 2013",MIA @ UTA,L,44,13,19,0.684,2,4,0.5,4,4,1.0,1,3,4,6,3,2,3,5,32,1,1
22012,2544,0021200548,"JAN 12, 2013",MIA @ SAC,W,29,7,10,0.7,0,1,0.0,6,7,0.857,1,4,5,7,5,2,1,0,20,28,1
22012,2544,0021200529,"JAN 10, 2013",MIA @ POR,L,43,6,16,0.375,1,5,0.2,2,5,0.4,0,10,10,9,2,1,4,3,15,-9,1
22012,2544,0021200512,"JAN 08, 2013",MIA @ IND,L,43,10,20,0.5,1,1,1.0,1,4,0.25,3,7,10,4,1,2,7,2,22,-5,1
22012,2544,0021200500,"JAN 06, 2013",MIA vs. WAS,W,35,9,17,0.529,2,3,0.667,4,4,1.0,1,1,2,7,0,1,1,0,24,26,1
22012,2544,0021200481,"JAN 04, 2013",MIA vs. CHI,L,41,8,14,0.571,1,5,0.2,13,16,0.813,0,6,6,2,1,0,2,2,30,-18,1
22012,2544,0021200469,"JAN 02, 2013",MIA vs. DAL,W,42,11,20,0.55,1,3,0.333,9,11,0.818,1,11,12,9,3,1,4,0,32,12,1
22012,2544,0021200454,"DEC 31, 2012",MIA @ ORL,W,48,10,22,0.455,1,6,0.167,15,16,0.938,1,7,8,11,1,0,3,2,36,4,1
22012,2544,0021200445,"DEC 29, 2012",MIA @ MIL,L,36,11,20,0.55,1,2,0.5,3,5,0.6,1,5,6,7,2,1,6,2,26,-8,1
22012,2544,0021200428,"DEC 28, 2012",MIA @ DET,L,44,15,22,0.682,2,4,0.5,3,4,0.75,1,5,6,5,6,1,3,1,35,-2,1
22012,2544,0021200411,"DEC 26, 2012",MIA @ CHA,W,39,9,19,0.474,2,4,0.5,7,8,0.875,2,10,12,8,4,2,3,1,27,12,1
22012,2544,0021200407,"DEC 25, 2012",MIA vs. OKC,W,42,12,20,0.6,0,3,0.0,5,5,1.0,3,5,8,9,2,1,3,3,29,13,0
22012,2544,0021200392,"DEC 22, 2012",MIA vs. UTA,W,38,11,20,0.55,1,1,1.0,7,10,0.7,1,8,9,7,0,0,4,0,30,14,1
22012,2544,0021200378,"DEC 20, 2012",MIA @ DAL,W,31,9,13,0.692,3,5,0.6,3,4,0.75,0,9,9,5,1,1,5,0,24,25,1
22012,2544,0021200359,"DEC 18, 2012",MIA vs. MIN,W,42,8,18,0.444,2,5,0.4,4,5,0.8,0,6,6,11,1,4,0,0,22,12,1
22012,2544,0021200339,"DEC 15, 2012",MIA vs. WAS,W,31,8,15,0.533,0,3,0.0,7,11,0.636,0,10,10,5,1,0,2,0,23,36,1
22012,2544,0021200314,"DEC 12, 2012",MIA vs. GSW,L,42,12,23,0.522,2,4,0.5,5,5,1.0,1,2,3,5,1,0,4,0,31,-3,1
22012,2544,0021200300,"DEC 10, 2012",MIA vs. ATL,W,40,10,16,0.625,1,2,0.5,6,7,0.857,1,6,7,6,2,0,3,0,27,12,1
22012,2544,0021200286,"DEC 08, 2012",MIA vs. NOH,W,36,11,16,0.688,0,0,0.0,2,3,0.667,1,4,5,7,2,0,4,2,24,10,1
22012,2544,0021200268,"DEC 06, 2012",MIA vs. NYK,L,39,11,20,0.55,3,5,0.6,6,9,0.667,2,8,10,9,3,0,2,0,31,-17,1
22012,2544,0021200252,"DEC 04, 2012",MIA @ WAS,L,43,12,24,0.5,1,4,0.25,1,3,0.333,2,11,13,11,3,2,3,1,26,-3,1
22012,2544,0021200233,"DEC 01, 2012",MIA vs. BKN,W,37,8,15,0.533,1,2,0.5,4,6,0.667,1,8,9,6,1,0,2,3,21,14,1
22012,2544,0021200220,"NOV 29, 2012",MIA vs. SAS,W,39,9,16,0.563,2,5,0.4,3,6,0.5,3,6,9,7,4,0,4,2,23,-1,1
22012,2544,0021200186,"NOV 24, 2012",MIA vs. CLE,W,40,10,16,0.625,2,5,0.4,8,9,0.889,1,5,6,5,0,1,7,3,30,7,1
22012,2544,0021200163,"NOV 21, 2012",MIA vs. MIL,W,43,11,21,0.524,2,4,0.5,4,8,0.5,2,8,10,8,1,1,1,3,28,5,1
22012,2544,0021200138,"NOV 17, 2012",MIA @ PHX,W,41,8,20,0.4,1,3,0.333,4,7,0.571,0,7,7,3,2,0,1,1,21,20,1
22012,2544,0021200121,"NOV 15, 2012",MIA @ DEN,W,42,11,23,0.478,0,1,0.0,5,6,0.833,1,6,7,12,1,3,4,0,27,9,0
22012,2544,0021200117,"NOV 14, 2012",MIA @ LAC,L,41,12,23,0.522,0,3,0.0,6,9,0.667,0,5,5,7,1,2,4,3,30,-15,1
22012,2544,0021200099,"NOV 12, 2012",MIA @ HOU,W,40,14,26,0.538,5,8,0.625,5,8,0.625,1,9,10,6,0,0,0,1,38,8,1
22012,2544,0021200092,"NOV 11, 2012",MIA @ MEM,L,36,10,19,0.526,0,1,0.0,0,4,0.0,3,7,10,6,2,1,2,2,20,-18,1
22012,2544,0021200072,"NOV 09, 2012",MIA @ ATL,W,36,10,17,0.588,0,2,0.0,1,3,0.333,2,9,11,9,1,0,2,2,21,0,1
22012,2544,0021200056,"NOV 07, 2012",MIA vs. BKN,W,30,7,12,0.583,2,3,0.667,4,4,1.0,4,8,12,8,1,0,2,1,20,18,0
22012,2544,0021200044,"NOV 05, 2012",MIA vs. PHX,W,30,10,17,0.588,2,3,0.667,1,3,0.333,3,8,11,1,0,0,3,2,23,25,1
22012,2544,0021200030,"NOV 03, 2012",MIA vs. DEN,W,39,8,17,0.471,0,1,0.0,4,4,1.0,1,8,9,11,0,2,0,2,20,7,1
22012,2544,0021200020,"NOV 02, 2012",MIA @ NYK,L,37,8,16,0.5,2,3,0.667,5,6,0.833,0,7,7,5,0,3,5,2,23,-21,1
22012,2544,0021200002,"OCT 30, 2012",MIA vs. BOS,W,29,10,16,0.625,2,4,0.5,4,5,0.8,1,9,10,3,2,0,0,2,26,12,1
22013,2544,0021301192,"APR 12, 2014",MIA @ ATL,L,37,10,22,0.455,3,7,0.429,4,8,0.5,3,5,8,5,0,1,3,2,27,-13,1
22013,2544,0021301180,"APR 11, 2014",MIA vs. IND,W,35,11,20,0.55,2,4,0.5,12,13,0.923,1,5,6,1,1,1,2,1,36,13,1
22013,2544,0021301167,"APR 09, 2014",MIA @ MEM,L,41,14,23,0.609,3,5,0.6,6,7,0.857,1,5,6,5,2,0,5,1,37,-8,1
22013,2544,0021301158,"APR 08, 2014",MIA vs. BKN,L,37,9,16,0.563,0,3,0.0,11,14,0.786,1,9,10,6,2,0,3,0,29,-2,1
22013,2544,0021301149,"APR 06, 2014",MIA vs. NYK,W,43,13,22,0.591,3,7,0.429,9,12,0.75,0,5,5,6,1,0,5,0,38,2,1
22013,2544,0021301135,"APR 04, 2014",MIA vs. MIN,L,48,12,24,0.5,2,4,0.5,8,10,0.8,2,6,8,5,4,1,4,5,34,7,1
22013,2544,0021301121,"APR 02, 2014",MIA vs. MIL,W,29,7,12,0.583,1,3,0.333,2,5,0.4,0,4,4,8,1,1,2,0,17,18,1
22013,2544,0021301105,"MAR 31, 2014",MIA vs. TOR,W,39,11,20,0.55,1,6,0.167,9,11,0.818,0,7,7,8,1,0,6,2,32,22,1
22013,2544,0021301091,"MAR 29, 2014",MIA @ MIL,W,30,5,10,0.5,1,3,0.333,2,4,0.5,2,5,7,2,0,0,4,1,13,19,1
22013,2544,0021301079,"MAR 28, 2014",MIA @ DET,W,30,7,13,0.538,1,3,0.333,2,2,1.0,2,8,10,12,1,0,1,0,17,32,1
22013,2544,0021301067,"MAR 26, 2014",MIA @ IND,L,43,11,19,0.579,2,6,0.333,14,15,0.933,0,8,8,5,0,0,6,3,38,2,1
22013,2544,0021301049,"MAR 24, 2014",MIA vs. POR,W,38,13,23,0.565,0,1,0.0,6,9,0.667,4,2,6,5,4,0,5,2,32,4,1
22013,2544,0021301036,"MAR 22, 2014",MIA @ NOP,L,42,10,18,0.556,2,4,0.5,3,3,1.0,1,7,8,9,0,1,3,1,25,-6,1
22013,2544,0021301027,"MAR 21, 2014",MIA vs. MEM,W,38,7,14,0.5,0,2,0.0,1,2,0.5,1,5,6,7,2,1,3,0,15,4,1
22013,2544,0021301003,"MAR 18, 2014",MIA @ CLE,W,42,14,19,0.737,6,8,0.75,9,13,0.692,0,6,6,4,2,3,0,1,43,11,1
22013,2544,0021300989,"MAR 16, 2014",MIA vs. HOU,W,43,8,17,0.471,1,3,0.333,7,8,0.875,0,5,5,6,2,0,5,3,24,11,1
22013,2544,0021300976,"MAR 14, 2014",MIA vs. DEN,L,40,8,17,0.471,0,4,0.0,5,7,0.714,0,6,6,6,1,0,4,3,21,-8,1
22013,2544,0021300957,"MAR 12, 2014",MIA vs. BKN,L,38,6,13,0.462,1,4,0.25,6,9,0.667,0,5,5,7,3,0,5,1,19,2,1
22013,2544,0021300945,"MAR 10, 2014",MIA vs. WAS,W,37,10,15,0.667,3,4,0.75,0,0,0.0,2,5,7,8,3,0,3,3,23,16,1
22013,2544,0021300934,"MAR 09, 2014",MIA @ CHI,L,45,8,23,0.348,1,3,0.333,0,0,0.0,1,8,9,8,3,1,4,1,17,6,1
22013,2544,0021300914,"MAR 06, 2014",MIA @ SAS,L,38,6,18,0.333,0,3,0.0,7,9,0.778,3,5,8,7,2,0,5,5,19,-10,1
22013,2544,0021300900,"MAR 04, 2014",MIA @ HOU,L,37,9,18,0.5,0,3,0.0,4,6,0.667,1,0,1,6,3,0,1,1,22,-15,1
22013,2544,0021300893,"MAR 03, 2014",MIA vs. CHA,W,41,22,33,0.667,8,10,0.8,9,12,0.75,3,4,7,4,0,0,2,2,61,16,1
22013,2544,0021300874,"MAR 01, 2014",MIA vs. ORL,W,31,8,12,0.667,0,2,0.0,4,5,0.8,1,8,9,7,4,0,2,1,20,14,2
22013,2544,0021300865,"FEB 27, 2014",MIA vs. NYK,W,37,13,19,0.684,1,2,0.5,4,6,0.667,0,4,4,4,0,0,1,0,31,21,1
22013,2544,0021300813,"FEB 20, 2014",MIA @ OKC,W,33,15,22,0.682,1,5,0.2,2,5,0.4,1,6,7,3,4,0,8,1,33,9,1
22013,2544,0021300798,"FEB 18, 2014",MIA @ DAL,W,38,16,23,0.696,4,8,0.5,6,8,0.75,2,7,9,6,2,0,3,2,42,19,1
22013,2544,0021300788,"FEB 12, 2014",MIA @ GSW,W,42,14,26,0.538,4,8,0.5,4,7,0.571,1,12,13,9,2,0,2,1,36,-2,1
22013,2544,0021300774,"FEB 11, 2014",MIA @ PHX,W,41,12,22,0.545,2,5,0.4,11,14,0.786,1,8,9,3,5,0,4,2,37,8,1
22013,2544,0021300755,"FEB 08, 2014",MIA @ UTA,L,39,4,13,0.308,1,6,0.167,4,6,0.667,0,7,7,5,0,0,5,2,13,0,1
22013,2544,0021300736,"FEB 05, 2014",MIA @ LAC,W,41,11,20,0.55,3,7,0.429,6,8,0.75,1,7,8,12,3,1,7,2,31,3,1
22013,2544,0021300713,"FEB 03, 2014",MIA vs. DET,W,38,9,19,0.474,0,3,0.0,6,8,0.75,1,7,8,11,2,2,1,1,24,6,1
22013,2544,0021300705,"FEB 01, 2014",MIA @ NYK,W,39,13,22,0.591,1,3,0.333,3,6,0.5,1,7,8,7,6,0,2,3,30,14,1
22013,2544,0021300675,"JAN 29, 2014",MIA vs. OKC,L,42,12,20,0.6,1,5,0.2,9,9,1.0,1,2,3,3,0,0,3,1,34,-17,1
22013,2544,0021300654,"JAN 26, 2014",MIA vs. SAS,W,28,8,15,0.533,1,3,0.333,1,1,1.0,0,7,7,6,1,0,4,4,18,21,1
22013,2544,0021300631,"JAN 23, 2014",MIA vs. LAL,W,37,9,15,0.6,2,4,0.5,7,13,0.538,2,11,13,6,1,0,5,1,27,4,1
22013,2544,0021300617,"JAN 21, 2014",MIA vs. BOS,W,39,10,19,0.526,0,4,0.0,9,11,0.818,1,7,8,4,2,0,3,1,29,10,1
22013,2544,0021300612,"JAN 20, 2014",MIA @ ATL,L,39,11,21,0.524,3,7,0.429,5,8,0.625,1,3,4,6,1,0,3,1,30,0,1
22013,2544,0021300593,"JAN 18, 2014",MIA @ CHA,W,45,13,25,0.52,0,3,0.0,8,10,0.8,2,6,8,6,1,0,2,4,34,15,1
22013,2544,0021300583,"JAN 17, 2014",MIA @ PHI,W,37,7,13,0.538,0,1,0.0,7,8,0.875,1,7,8,10,2,1,3,3,21,17,1
22013,2544,0021300568,"JAN 15, 2014",MIA @ WAS,L,41,8,18,0.444,0,4,0.0,9,10,0.9,2,6,8,7,2,0,4,1,25,-15,1
22013,2544,0021300537,"JAN 10, 2014",MIA @ BKN,L,49,12,21,0.571,2,5,0.4,10,12,0.833,3,4,7,5,0,0,4,6,36,-1,1
22013,2544,0021300529,"JAN 09, 2014",MIA @ NYK,L,41,12,17,0.706,1,4,0.25,7,11,0.636,0,5,5,6,1,1,6,2,32,1,1
22013,2544,0021300511,"JAN 07, 2014",MIA vs. NOP,W,35,13,22,0.591,3,6,0.5,3,3,1.0,1,2,3,5,2,0,3,1,32,19,1
22013,2544,0021300500,"JAN 05, 2014",MIA vs. TOR,W,38,12,18,0.667,0,0,0.0,6,7,0.857,1,3,4,5,1,0,1,1,30,1,1
22013,2544,0021300490,"JAN 04, 2014",MIA @ ORL,W,36,5,13,0.385,0,1,0.0,5,8,0.625,1,7,8,8,1,0,3,1,15,17,1
22013,2544,0021300474,"JAN 02, 2014",MIA vs. GSW,L,40,10,16,0.625,1,4,0.25,5,8,0.625,0,5,5,5,0,1,8,0,26,-11,1
22013,2544,0021300457,"DEC 30, 2013",MIA @ DEN,W,40,8,15,0.533,5,9,0.556,5,8,0.625,1,5,6,10,0,1,4,0,26,4,1
22013,2544,0021300434,"DEC 27, 2013",MIA @ SAC,L,44,12,23,0.522,4,9,0.444,5,6,0.833,0,8,8,8,0,0,2,3,33,-10,1
22013,2544,0021300420,"DEC 25, 2013",MIA @ LAL,W,36,7,14,0.5,0,4,0.0,5,9,0.556,0,8,8,4,0,0,2,2,19,0,1
22013,2544,0021300411,"DEC 23, 2013",MIA vs. ATL,W,46,16,28,0.571,4,9,0.444,2,6,0.333,4,4,8,6,2,0,0,2,38,-4,1
22013,2544,0021300387,"DEC 20, 2013",MIA vs. SAC,W,31,8,11,0.727,1,2,0.5,1,2,0.5,2,4,6,8,1,1,1,1,18,14,1
22013,2544,0021300369,"DEC 18, 2013",MIA vs. IND,W,36,8,14,0.571,1,3,0.333,7,7,1.0,0,9,9,7,3,0,3,3,24,16,1
22013,2544,0021300360,"DEC 16, 2013",MIA vs. UTA,W,34,13,17,0.765,0,1,0.0,4,5,0.8,1,8,9,9,1,0,3,1,30,24,1
22013,2544,0021300344,"DEC 14, 2013",MIA vs. CLE,W,41,9,12,0.75,0,2,0.0,7,10,0.7,2,7,9,9,4,0,2,2,25,6,1
22013,2544,0021300311,"DEC 10, 2013",MIA @ IND,L,39,6,16,0.375,1,4,0.25,4,6,0.667,1,13,14,6,2,0,5,3,17,-2,1
22013,2544,0021300300,"DEC 08, 2013",MIA @ DET,W,35,10,15,0.667,0,2,0.0,4,5,0.8,1,6,7,9,2,0,6,2,24,18,1
22013,2544,0021300294,"DEC 07, 2013",MIA @ MIN,W,31,9,12,0.75,0,0,0.0,3,5,0.6,4,10,14,8,2,0,7,3,21,9,1
22013,2544,0021300279,"DEC 05, 2013",MIA @ CHI,L,33,7,17,0.412,1,4,0.25,6,8,0.75,0,5,5,2,3,0,1,2,21,-21,1
22013,2544,0021300264,"DEC 03, 2013",MIA vs. DET,L,37,8,15,0.533,2,5,0.4,5,8,0.625,3,2,5,6,2,1,6,2,23,-6,1
22013,2544,0021300252,"DEC 01, 2013",MIA vs. CHA,W,38,8,13,0.615,1,3,0.333,9,10,0.9,0,5,5,4,1,1,3,0,26,-4,1
22013,2544,0021300230,"NOV 29, 2013",MIA @ TOR,W,36,10,17,0.588,3,5,0.6,4,6,0.667,1,5,6,3,1,1,3,2,27,3,1
22013,2544,0021300219,"NOV 27, 2013",MIA @ CLE,W,37,9,19,0.474,1,3,0.333,9,11,0.818,0,8,8,8,3,0,1,3,28,0,1
22013,2544,0021300205,"NOV 25, 2013",MIA vs. PHX,W,33,11,14,0.786,2,4,0.5,11,11,1.0,0,5,5,4,1,1,4,0,35,1,1
22013,2544,0021300191,"NOV 23, 2013",MIA vs. ORL,W,38,7,13,0.538,3,6,0.5,5,7,0.714,0,9,9,7,3,0,3,0,22,7,1
22013,2544,0021300164,"NOV 20, 2013",MIA @ ORL,W,29,5,11,0.455,0,2,0.0,11,11,1.0,1,5,6,7,1,1,4,0,21,23,1
22013,2544,0021300158,"NOV 19, 2013",MIA vs. ATL,W,31,6,13,0.462,0,0,0.0,1,3,0.333,2,4,6,5,1,0,3,0,13,14,1
22013,2544,0021300136,"NOV 16, 2013",MIA @ CHA,W,32,13,18,0.722,0,0,0.0,4,4,1.0,1,3,4,7,1,1,3,1,30,7,1
22013,2544,0021300130,"NOV 15, 2013",MIA vs. DAL,W,37,14,18,0.778,1,1,1.0,10,11,0.909,0,6,6,4,1,0,6,0,39,0,1
22013,2544,0021300107,"NOV 12, 2013",MIA vs. MIL,W,30,13,21,0.619,4,7,0.571,3,6,0.5,0,3,3,2,0,0,3,0,33,14,1
22013,2544,0021300089,"NOV 09, 2013",MIA vs. BOS,L,37,9,13,0.692,0,0,0.0,7,9,0.778,1,7,8,10,0,0,5,1,25,5,1
22013,2544,0021300070,"NOV 07, 2013",MIA vs. LAC,W,37,6,13,0.462,1,3,0.333,5,9,0.556,0,5,5,6,1,0,4,4,18,-1,1
22013,2544,0021300051,"NOV 05, 2013",MIA @ TOR,W,36,13,20,0.65,1,3,0.333,8,8,1.0,2,6,8,8,0,1,1,2,35,3,1
22013,2544,0021300042,"NOV 03, 2013",MIA vs. WAS,W,35,9,14,0.643,3,5,0.6,4,5,0.8,0,3,3,5,1,0,6,2,25,16,1
22013,2544,0021300028,"NOV 01, 2013",MIA @ BKN,L,42,11,19,0.579,1,2,0.5,3,5,0.6,1,6,7,6,2,1,5,2,26,-3,1
22013,2544,0021300005,"OCT 30, 2013",MIA @ PHI,L,37,9,17,0.529,4,7,0.571,3,4,0.75,0,4,4,13,0,0,4,3,25,-8,1
22013,2544,0021300002,"OCT 29, 2013",MIA vs. CHI,W,38,5,11,0.455,0,1,0.0,7,9,0.778,0,6,6,8,1,0,2,0,17,8,1
22014,2544,0021401203,"APR 13, 2015",CLE vs. DET,W,32,7,17,0.412,3,4,0.75,4,6,0.667,3,7,10,11,2,1,1,0,21,19,1
22014,2544,0021401178,"APR 10, 2015",CLE vs. BOS,L,26,5,14,0.357,0,5,0.0,4,9,0.444,0,3,3,7,1,0,3,1,14,1,1
22014,2544,0021401167,"APR 08, 2015",CLE @ MIL,W,40,8,15,0.533,2,5,0.4,3,4,0.75,2,7,9,8,1,1,2,2,21,0,1
22014,2544,0021401148,"APR 05, 2015",CLE vs. CHI,W,37,8,17,0.471,1,3,0.333,3,6,0.5,2,8,10,12,3,1,3,4,20,10,1
22014,2544,0021401124,"APR 02, 2015",CLE vs. MIA,W,35,9,16,0.563,1,2,0.5,4,5,0.8,1,7,8,7,1,3,3,3,23,14,1
22014,2544,0021401092,"MAR 29, 2015",CLE vs. PHI,W,38,8,24,0.333,1,4,0.25,3,6,0.5,2,9,11,6,0,1,5,0,20,-4,1
22014,2544,0021401078,"MAR 27, 2015",CLE @ BKN,L,38,8,15,0.533,2,5,0.4,6,8,0.75,0,5,5,9,5,1,3,4,24,-1,1
22014,2544,0021401066,"MAR 25, 2015",CLE @ MEM,W,31,7,15,0.467,3,5,0.6,3,4,0.75,0,8,8,5,0,0,1,2,20,31,1
22014,2544,0021401037,"MAR 22, 2015",CLE @ MIL,W,39,10,17,0.588,1,4,0.25,7,7,1.0,2,8,10,6,5,1,5,1,28,4,1
22014,2544,0021401023,"MAR 20, 2015",CLE vs. IND,W,39,13,26,0.5,2,6,0.333,1,2,0.5,0,7,7,5,0,0,3,0,29,-7,1
22014,2544,0021401005,"MAR 18, 2015",CLE vs. BKN,W,35,5,13,0.385,2,4,0.5,4,6,0.667,1,2,3,7,1,0,2,1,16,13,1
22014,2544,0021400995,"MAR 16, 2015",CLE @ MIA,L,35,8,19,0.421,4,8,0.5,6,8,0.75,1,1,2,4,0,0,4,2,26,-17,1
22014,2544,0021400985,"MAR 15, 2015",CLE @ ORL,W,35,9,14,0.643,0,3,0.0,3,4,0.75,1,7,8,13,3,1,1,3,21,25,1
22014,2544,0021400964,"MAR 12, 2015",CLE @ SAS,W,44,10,20,0.5,3,6,0.5,8,10,0.8,0,5,5,7,2,1,3,2,31,4,1
22014,2544,0021400948,"MAR 10, 2015",CLE @ DAL,W,29,10,14,0.714,4,6,0.667,3,5,0.6,0,7,7,8,1,1,2,3,27,27,1
22014,2544,0021400924,"MAR 07, 2015",CLE vs. PHX,W,36,6,16,0.375,2,5,0.4,3,6,0.5,0,6,6,8,1,0,4,3,17,19,1
22014,2544,0021400915,"MAR 06, 2015",CLE @ ATL,L,40,5,13,0.385,1,4,0.25,7,8,0.875,1,5,6,8,2,1,9,3,18,-4,1
22014,2544,0021400900,"MAR 04, 2015",CLE @ TOR,W,37,9,16,0.563,3,6,0.5,8,13,0.615,1,5,6,14,0,0,3,2,29,6,1
22014,2544,0021400891,"MAR 03, 2015",CLE vs. BOS,W,26,12,23,0.522,0,1,0.0,3,3,1.0,1,2,3,5,3,1,1,0,27,35,1
22014,2544,0021400883,"MAR 01, 2015",CLE @ HOU,L,42,15,35,0.429,4,12,0.333,3,11,0.273,2,6,8,4,3,3,4,4,37,-8,1
22014,2544,0021400854,"FEB 26, 2015",CLE vs. GSW,W,36,15,25,0.6,4,9,0.444,8,11,0.727,1,10,11,5,3,1,6,5,42,9,1
22014,2544,0021400839,"FEB 24, 2015",CLE @ DET,W,39,6,14,0.429,1,5,0.2,6,10,0.6,0,7,7,11,3,1,9,3,19,27,1
22014,2544,0021400821,"FEB 22, 2015",CLE @ NYK,W,28,7,17,0.412,1,6,0.167,3,5,0.6,0,7,7,7,2,0,4,2,18,14,1
22014,2544,0021400809,"FEB 20, 2015",CLE @ WAS,W,25,12,21,0.571,3,5,0.6,1,3,0.333,0,5,5,6,1,0,2,3,28,30,1
22014,2544,0021400800,"FEB 12, 2015",CLE @ CHI,L,34,12,26,0.462,2,9,0.222,5,6,0.833,0,5,5,4,0,0,8,3,31,-27,1
22014,2544,0021400796,"FEB 11, 2015",CLE vs. MIA,W,31,6,16,0.375,0,4,0.0,6,7,0.857,0,9,9,7,1,0,5,2,18,19,1
22014,2544,0021400766,"FEB 08, 2015",CLE vs. LAL,W,30,8,16,0.5,2,7,0.286,4,5,0.8,2,8,10,8,1,0,6,2,22,15,1
22014,2544,0021400747,"FEB 06, 2015",CLE @ IND,L,39,10,21,0.476,0,4,0.0,5,8,0.625,0,6,6,5,2,1,7,3,25,-3,1
22014,2544,0021400743,"FEB 05, 2015",CLE vs. LAC,W,28,8,14,0.571,1,2,0.5,6,7,0.857,0,3,3,9,1,0,2,0,23,27,1
22014,2544,0021400718,"FEB 02, 2015",CLE vs. PHI,W,36,6,17,0.353,1,4,0.25,5,6,0.833,0,3,3,11,2,0,6,2,18,19,1
22014,2544,0021400711,"JAN 31, 2015",CLE @ MIN,W,40,14,25,0.56,3,8,0.375,5,8,0.625,3,3,6,5,0,1,2,1,36,25,1
22014,2544,0021400700,"JAN 30, 2015",CLE vs. SAC,W,33,7,16,0.438,1,4,0.25,4,6,0.667,0,3,3,7,4,2,6,1,19,13,1
22014,2544,0021400676,"JAN 27, 2015",CLE @ DET,W,36,11,24,0.458,0,4,0.0,10,11,0.909,0,6,6,7,1,0,4,3,32,0,1
22014,2544,0021400658,"JAN 25, 2015",CLE vs. OKC,W,39,11,25,0.44,2,6,0.333,10,13,0.769,0,7,7,5,1,2,2,1,34,5,1
22014,2544,0021400643,"JAN 23, 2015",CLE vs. CHA,W,27,9,15,0.6,2,4,0.5,5,6,0.833,1,5,6,9,4,1,2,1,25,32,1
22014,2544,0021400626,"JAN 21, 2015",CLE vs. UTA,W,36,8,16,0.5,0,2,0.0,10,14,0.714,2,5,7,9,4,0,7,0,26,14,1
22014,2544,0021400620,"JAN 19, 2015",CLE vs. CHI,W,36,12,23,0.522,0,3,0.0,2,3,0.667,1,4,5,4,0,0,6,4,26,16,1
22014,2544,0021400599,"JAN 16, 2015",CLE @ LAC,W,42,11,23,0.478,3,8,0.375,7,12,0.583,0,11,11,7,3,0,9,4,32,8,1
22014,2544,0021400586,"JAN 15, 2015",CLE @ LAL,W,38,12,23,0.522,4,9,0.444,8,13,0.615,1,3,4,5,2,0,1,2,36,15,1
22014,2544,0021400570,"JAN 13, 2015",CLE @ PHX,L,37,11,18,0.611,3,8,0.375,8,13,0.615,1,6,7,5,1,0,5,3,33,4,1
22014,2544,0021400453,"DEC 28, 2014",CLE vs. DET,L,32,5,19,0.263,2,6,0.333,5,5,1.0,1,9,10,7,1,0,7,3,17,-17,1
22014,2544,0021400433,"DEC 26, 2014",CLE @ ORL,W,37,10,20,0.5,0,5,0.0,9,11,0.818,0,5,5,8,2,2,4,1,29,7,1
22014,2544,0021400429,"DEC 25, 2014",CLE @ MIA,L,40,9,16,0.563,2,8,0.25,10,18,0.556,0,4,4,8,0,0,4,1,30,-9,1
22014,2544,0021400416,"DEC 23, 2014",CLE vs. MIN,W,35,8,16,0.5,4,7,0.571,4,5,0.8,0,4,4,3,1,3,2,3,24,22,1
22014,2544,0021400401,"DEC 21, 2014",CLE vs. MEM,W,38,9,15,0.6,3,5,0.6,4,6,0.667,0,1,1,11,0,1,5,1,25,8,1
22014,2544,0021400386,"DEC 19, 2014",CLE vs. BKN,W,40,7,18,0.389,2,4,0.5,6,8,0.75,1,3,4,9,2,0,4,4,22,-5,1
22014,2544,0021400370,"DEC 17, 2014",CLE vs. ATL,L,29,8,16,0.5,0,2,0.0,5,7,0.714,0,3,3,2,2,0,2,0,21,-18,1
22014,2544,0021400355,"DEC 15, 2014",CLE vs. CHA,W,40,11,19,0.579,2,3,0.667,3,4,0.75,0,7,7,14,1,3,5,2,27,16,1
22014,2544,0021400336,"DEC 12, 2014",CLE @ NOP,L,38,17,24,0.708,2,2,1.0,5,8,0.625,0,5,5,5,0,1,2,1,41,-5,1
22014,2544,0021400308,"DEC 09, 2014",CLE vs. TOR,W,42,12,21,0.571,2,5,0.4,9,9,1.0,1,1,2,4,2,2,2,1,35,7,1
22014,2544,0021400303,"DEC 08, 2014",CLE @ BKN,W,34,8,17,0.471,1,3,0.333,1,2,0.5,0,4,4,7,3,0,3,2,18,20,1
22014,2544,0021400281,"DEC 05, 2014",CLE @ TOR,W,42,9,18,0.5,2,4,0.5,4,6,0.667,0,7,7,13,3,1,4,2,24,11,1
22014,2544,0021400273,"DEC 04, 2014",CLE @ NYK,W,40,7,17,0.412,1,6,0.167,4,7,0.571,1,4,5,12,2,0,4,2,19,12,1
22014,2544,0021400253,"DEC 02, 2014",CLE vs. MIL,W,41,6,15,0.4,0,4,0.0,14,21,0.667,1,4,5,10,0,0,7,1,26,16,1
22014,2544,0021400238,"NOV 29, 2014",CLE vs. IND,W,32,9,18,0.5,0,1,0.0,1,2,0.5,0,2,2,7,1,0,3,1,19,14,1
22014,2544,0021400211,"NOV 26, 2014",CLE vs. WAS,W,36,7,14,0.5,1,5,0.2,14,17,0.824,1,9,10,8,3,0,4,3,29,24,1
22014,2544,0021400199,"NOV 24, 2014",CLE vs. ORL,W,31,9,17,0.529,2,4,0.5,9,11,0.818,1,3,4,11,3,0,1,0,29,19,1
22014,2544,0021400186,"NOV 22, 2014",CLE vs. TOR,L,37,6,12,0.5,1,4,0.25,2,3,0.667,0,1,1,10,1,1,5,2,15,-8,1
22014,2544,0021400179,"NOV 21, 2014",CLE @ WAS,L,39,8,21,0.381,2,7,0.286,4,7,0.571,3,1,4,4,1,1,3,0,22,-13,1
22014,2544,0021400159,"NOV 19, 2014",CLE vs. SAS,L,34,6,17,0.353,2,3,0.667,1,1,1.0,3,3,6,9,1,1,5,3,15,-3,1
