Player_ID,FGM,FGA,FG_PCT,FG3M,FG3A,FG3_PCT,FTM,FTA,FT_PCT,OREB,DREB,REB,AST,STL,BLK,TOV,PF,PTS,PLUS_MINUS
1630173.0,3.18,6.34,0.49,0.35,1.31,0.18,0.93,1.51,0.31,2.58,4.0,6.58,1.31,0.62,0.92,1.12,1.93,7.64,-0.66
1628389.0,7.46,14.32,0.53,0.21,0.59,0.13,4.11,5.45,0.69,2.24,8.14,10.38,3.92,1.14,0.93,2.28,2.24,19.25,0.7
1630534.0,2.28,5.55,0.42,0.79,2.71,0.27,0.47,0.72,0.21,0.95,1.82,2.77,1.06,0.6,0.56,0.82,1.5,5.83,-3.21
1630583.0,4.05,9.31,0.44,1.74,4.98,0.36,0.89,1.43,0.31,1.18,4.59,5.77,2.26,0.7,0.89,1.13,1.46,10.72,-4.52
1629638.0,2.88,6.56,0.43,1.6,4.09,0.39,0.63,0.79,0.3,0.43,1.61,2.04,2.49,0.78,0.51,0.93,1.74,7.99,3.82
1628960.0,4.53,9.09,0.5,2.73,5.93,0.45,1.72,1.96,0.57,0.64,3.29,3.93,3.03,0.92,0.6,1.27,2.09,13.52,3.51
1628386.0,6.74,10.64,0.64,0.0,0.08,0.0,3.03,4.08,0.64,3.16,7.38,10.53,2.73,0.69,1.05,1.57,1.91,16.51,2.61
1630631.0,2.54,6.16,0.42,1.39,3.7,0.34,0.62,0.93,0.27,0.45,1.84,2.29,2.09,1.05,0.27,0.71,1.59,7.09,4.29
203937.0,2.52,5.48,0.47,0.14,0.61,0.1,1.23,1.73,0.43,0.76,2.7,3.46,4.19,0.9,0.59,1.15,1.62,6.41,2.14
203507.0,11.47,18.75,0.61,0.47,1.7,0.22,7.04,10.71,0.63,2.68,8.84,11.52,6.52,1.19,1.08,3.42,2.88,30.44,4.64
203648.0,0.47,0.88,0.26,0.0,0.03,0.0,0.0,0.06,0.0,0.21,0.18,0.38,0.5,0.21,0.12,0.41,0.71,0.94,-1.18
1630175.0,4.1,9.42,0.41,1.15,3.4,0.3,2.22,2.69,0.66,0.79,3.05,3.84,2.91,0.79,0.46,1.56,2.16,11.57,1.36
1628384.0,5.64,11.54,0.48,2.04,5.34,0.38,1.34,1.78,0.43,0.94,3.22,4.16,2.14,1.36,0.72,1.62,2.38,14.66,7.8
1627853.0,0.0,0.3,0.0,0.0,0.3,0.0,0.0,0.0,0.0,0.0,0.4,0.4,0.2,0.1,0.0,0.1,0.25,0.0,0.1
1630166.0,5.41,10.71,0.5,1.17,3.13,0.35,2.69,3.64,0.67,1.12,6.08,7.2,3.81,0.8,0.48,2.13,2.47,14.69,-4.4
1629028.0,7.76,13.62,0.56,0.02,0.18,0.02,1.18,1.44,0.38,3.2,7.87,11.07,1.64,1.02,0.76,1.8,1.98,16.73,-5.76
1628962.0,1.0,1.44,0.38,0.0,0.0,0.0,0.19,0.81,0.08,0.69,1.31,2.0,0.19,0.06,0.38,0.25,1.06,2.19,-3.0
1628963.0,4.78,8.16,0.58,0.18,0.46,0.13,1.92,2.52,0.55,2.6,3.64,6.24,1.1,0.4,0.66,1.18,1.62,11.66,-2.66
1641735.0,0.8,2.4,0.19,0.1,0.8,0.05,0.6,0.7,0.25,0.6,0.3,0.9,0.7,0.3,0.0,0.4,0.2,2.3,0.5
1631116.0,1.55,4.08,0.31,0.82,2.55,0.22,0.5,0.74,0.25,0.45,2.79,3.24,0.76,0.47,0.39,0.5,1.47,4.42,-0.61
1630163.0,8.32,19.23,0.43,3.18,8.95,0.34,4.09,4.73,0.78,1.32,3.82,5.14,8.0,1.82,0.18,3.77,3.59,23.91,-6.32
1628964.0,1.7,3.47,0.39,0.44,1.12,0.21,0.6,0.88,0.27,1.35,2.82,4.18,0.72,0.39,1.05,0.68,1.77,4.44,-0.82
1631094.0,8.0,17.59,0.46,1.49,4.39,0.31,5.06,6.99,0.69,1.02,5.9,6.92,5.39,0.89,0.59,3.09,1.91,22.55,-0.01
1630217.0,8.57,18.48,0.46,3.26,8.57,0.38,3.33,3.83,0.75,0.86,3.55,4.4,5.48,1.02,0.52,2.67,2.86,23.74,-4.81
1630625.0,3.74,9.26,0.35,1.09,3.69,0.19,1.74,2.22,0.51,0.76,2.54,3.3,2.35,0.61,0.37,1.43,1.19,10.31,-4.13
1631230.0,1.7,3.42,0.41,0.09,0.27,0.08,0.88,1.27,0.32,1.36,2.06,3.42,1.09,0.36,0.42,0.27,1.42,4.36,-0.97
203084.0,4.23,8.93,0.45,1.82,4.7,0.33,1.91,2.39,0.56,0.82,2.22,3.04,1.21,0.66,0.15,0.71,1.2,12.2,-1.0
1630567.0,7.45,15.7,0.47,1.68,4.93,0.31,3.27,4.18,0.63,2.35,5.88,8.23,6.05,1.25,1.47,2.75,1.97,19.85,-2.4
1629628.0,7.52,15.17,0.49,1.55,4.31,0.33,3.59,5.02,0.68,0.91,4.52,5.43,3.33,0.53,0.38,2.17,2.22,20.17,-2.66
1629646.0,1.53,2.11,0.56,0.0,0.05,0.0,0.26,0.32,0.13,1.21,2.79,4.0,1.11,0.42,0.89,0.79,1.63,3.32,-2.42
1641734.0,1.0,3.27,0.17,0.67,2.2,0.18,0.07,0.27,0.03,0.07,0.87,0.93,0.67,0.07,0.13,0.53,0.33,2.73,-5.53
1628966.0,1.36,3.13,0.42,0.4,1.3,0.21,0.6,0.79,0.26,0.58,1.49,2.08,0.72,0.47,0.42,0.28,0.66,3.72,-0.92
201587.0,1.93,4.27,0.42,1.22,3.08,0.36,0.25,0.35,0.09,1.17,2.97,4.13,2.13,0.8,0.63,0.67,1.82,5.33,2.92
203078.0,7.11,13.87,0.52,1.91,4.43,0.43,2.06,2.53,0.6,1.02,3.36,4.38,5.0,0.98,0.51,2.47,2.4,18.19,2.04
1627736.0,4.05,9.14,0.44,2.84,6.86,0.4,0.32,0.44,0.14,0.52,3.15,3.67,1.37,0.75,0.11,0.68,2.0,11.25,3.63
1630699.0,1.69,3.46,0.39,0.62,1.56,0.28,0.4,0.58,0.14,0.46,1.6,2.06,0.65,0.27,0.15,0.56,1.12,4.4,-0.23
202722.0,2.14,5.44,0.36,1.77,4.65,0.37,0.7,0.77,0.25,0.21,1.21,1.42,0.81,0.6,0.28,0.42,1.3,6.74,-1.74
201976.0,2.16,5.19,0.38,0.84,2.48,0.28,1.01,1.23,0.41,0.67,2.6,3.27,2.9,0.59,0.42,0.89,1.75,6.18,-0.79
1630180.0,4.6,11.06,0.42,1.79,5.68,0.31,2.7,3.22,0.68,2.65,3.87,6.52,1.46,0.81,0.17,0.86,1.4,13.7,-0.3
1629048.0,2.03,3.37,0.48,0.03,0.23,0.03,0.92,1.4,0.35,1.76,2.85,4.61,1.27,0.52,1.16,0.71,1.73,5.02,0.4
1641931.0,1.39,3.65,0.32,0.52,1.91,0.18,0.17,0.22,0.11,0.26,1.13,1.39,0.57,0.13,0.09,0.43,1.04,3.48,-1.96
202687.0,1.85,3.28,0.46,0.0,0.0,0.0,0.65,1.35,0.16,1.55,3.68,5.22,1.32,0.28,0.92,1.05,2.22,4.35,-1.68
1641710.0,1.67,3.58,0.38,0.54,1.36,0.21,0.71,1.16,0.28,0.48,1.54,2.01,1.32,0.51,0.3,0.81,1.59,4.58,-0.51
1641778.0,0.96,2.0,0.38,0.35,0.77,0.21,0.38,0.58,0.18,0.35,1.5,1.85,0.92,0.31,0.42,0.23,0.73,2.65,-1.04
203992.0,5.96,13.92,0.43,3.04,8.11,0.39,1.91,2.08,0.63,0.67,2.77,3.44,3.13,1.22,0.33,1.42,2.27,16.87,1.61
202711.0,5.42,11.95,0.43,2.33,5.86,0.38,2.05,2.61,0.53,0.39,2.28,2.67,1.7,0.53,0.09,1.77,1.67,15.23,-6.05
1629626.0,2.16,3.51,0.48,0.51,1.21,0.23,0.35,0.44,0.18,0.74,2.44,3.19,0.4,0.23,0.58,0.44,0.98,5.19,0.28
1629716.0,1.55,2.27,0.43,0.0,0.09,0.0,0.27,0.36,0.14,0.91,2.18,3.09,0.36,0.27,0.64,0.27,0.91,3.36,-1.45
1626164.0,9.44,19.19,0.48,2.24,6.15,0.35,5.96,6.72,0.86,0.82,3.71,4.53,6.94,0.9,0.41,2.62,3.03,27.07,4.65
1630527.0,2.03,5.03,0.37,0.44,1.62,0.16,0.72,1.03,0.26,0.59,1.03,1.62,0.41,0.34,0.25,0.75,1.25,5.22,-3.47
1628449.0,2.2,4.34,0.48,0.62,1.88,0.26,1.42,1.84,0.53,1.24,2.9,4.14,0.46,0.28,0.48,0.56,1.36,6.44,0.56
1630547.0,1.29,2.93,0.37,0.93,2.14,0.38,0.07,0.14,0.04,0.07,0.57,0.64,0.43,0.07,0.07,0.14,0.21,3.57,-0.79
1631103.0,3.61,8.37,0.41,1.24,3.57,0.3,0.73,0.84,0.36,0.37,1.6,1.97,2.08,0.36,0.11,1.21,1.25,9.2,-4.97
1631128.0,2.71,5.89,0.43,0.77,2.0,0.31,1.13,1.63,0.39,0.96,2.77,3.73,1.61,0.51,0.43,0.67,1.67,7.32,-0.18
1628969.0,6.88,15.78,0.43,2.68,7.22,0.37,3.15,3.87,0.66,0.83,3.71,4.54,3.65,0.99,0.37,2.0,1.41,19.59,-2.22
1628970.0,8.1,17.54,0.46,2.28,6.52,0.36,2.52,3.06,0.7,1.03,6.29,7.32,3.35,0.94,0.48,2.0,1.71,21.0,-9.17
1629052.0,1.24,2.78,0.33,0.27,1.0,0.17,0.91,1.51,0.33,1.11,1.8,2.91,0.8,0.35,0.15,0.36,0.98,3.65,2.07
1627763.0,5.59,12.72,0.43,2.1,5.1,0.38,2.44,2.97,0.61,0.72,3.08,3.79,5.49,0.69,0.21,1.54,1.49,15.72,-2.1
1629717.0,1.5,4.6,0.28,1.1,3.2,0.17,0.1,0.2,0.05,0.7,1.1,1.8,0.5,0.1,0.1,0.3,0.3,4.2,2.8
1628415.0,4.57,10.67,0.42,1.85,5.14,0.37,1.72,2.04,0.53,0.74,2.68,3.42,1.65,0.89,0.14,1.22,3.35,12.71,-0.31
1628971.0,4.15,8.69,0.46,0.79,2.45,0.27,1.75,2.12,0.54,0.79,3.45,4.24,2.87,0.88,0.25,1.28,2.21,10.84,-3.45
1627759.0,8.96,17.94,0.5,2.07,5.86,0.33,3.01,4.29,0.62,1.2,4.33,5.53,3.56,1.19,0.53,2.37,2.64,23.0,5.89
1631112.0,0.53,1.0,0.29,0.0,0.13,0.0,0.33,0.53,0.08,0.2,0.13,0.33,0.33,0.0,0.0,0.13,0.6,1.4,-1.6
1641738.0,0.84,2.05,0.28,0.32,1.09,0.16,0.02,0.05,0.01,0.45,0.95,1.41,0.57,0.27,0.14,0.2,1.11,2.02,-2.09
1629650.0,1.5,2.95,0.43,0.0,0.0,0.0,0.41,1.41,0.11,1.68,2.23,3.91,0.32,0.23,0.32,0.5,1.23,3.41,-2.68
1630535.0,0.83,1.83,0.27,0.17,0.5,0.08,0.67,1.5,0.16,0.5,1.0,1.5,0.67,0.0,0.67,0.67,0.83,2.5,-1.5
1629718.0,0.25,1.25,0.09,0.25,0.88,0.17,0.0,0.0,0.0,0.12,0.12,0.25,0.0,0.0,0.25,0.25,0.62,0.75,-0.75
1628972.0,1.42,3.83,0.3,0.8,2.39,0.22,0.54,0.63,0.19,0.42,2.02,2.44,1.02,0.41,0.05,0.51,0.71,4.19,-2.15
1628973.0,10.26,21.4,0.47,2.74,6.83,0.37,5.47,6.45,0.79,0.56,3.05,3.61,6.74,0.91,0.17,2.42,1.87,28.73,6.65
1628418.0,2.26,3.92,0.49,0.11,0.58,0.06,1.08,1.24,0.44,1.05,2.66,3.71,0.61,0.26,0.42,0.55,1.21,5.71,0.29
1641723.0,2.0,5.41,0.36,0.53,2.35,0.19,0.24,0.47,0.1,0.35,1.59,1.94,1.59,0.41,0.29,0.59,1.18,4.76,-2.06
203493.0,0.77,1.86,0.31,0.61,1.52,0.31,0.02,0.02,0.02,0.14,1.52,1.66,0.34,0.27,0.11,0.23,0.66,2.18,-1.18
202692.0,3.18,8.62,0.33,1.88,5.0,0.34,2.2,2.53,0.55,0.36,1.91,2.27,1.33,0.42,0.18,0.73,1.14,10.44,-3.88
1630215.0,2.45,5.03,0.47,0.6,1.95,0.24,0.78,0.9,0.36,0.22,1.23,1.45,3.15,0.72,0.2,1.25,1.45,6.28,-1.2
202710.0,6.6,13.22,0.51,1.0,2.42,0.37,6.57,7.65,0.85,1.75,3.55,5.3,4.97,1.32,0.28,1.7,1.13,20.77,3.6
1631288.0,1.31,3.04,0.25,0.42,1.19,0.2,0.69,0.88,0.27,0.58,0.85,1.42,0.38,0.38,0.19,0.31,0.85,3.73,-1.04
203484.0,3.55,7.72,0.45,1.64,4.05,0.38,1.33,1.49,0.47,0.41,2.0,2.41,2.41,1.29,0.55,0.99,1.99,10.08,7.5
1641739.0,2.81,6.26,0.46,0.83,2.46,0.29,1.07,1.41,0.4,1.99,2.91,4.9,1.24,0.94,0.47,1.2,2.49,7.53,-2.71
203991.0,4.84,8.47,0.58,0.0,0.01,0.0,1.78,2.82,0.51,4.59,6.04,10.63,1.25,0.59,1.45,1.01,2.25,11.45,-0.23
1628975.0,1.92,5.07,0.32,1.07,3.25,0.27,0.06,0.1,0.03,0.15,0.68,0.83,1.31,0.51,0.22,0.5,0.99,4.96,0.39
1628976.0,4.05,7.73,0.53,1.16,3.11,0.34,1.69,2.44,0.48,2.04,4.89,6.93,1.73,0.64,0.51,1.24,2.2,10.96,0.95
1627936.0,3.56,7.62,0.48,1.92,4.69,0.4,1.03,1.35,0.35,0.87,2.97,3.85,3.48,1.69,0.99,1.44,2.55,10.07,0.07
1630658.0,0.56,1.0,0.36,0.0,0.0,0.0,0.38,0.38,0.19,0.38,0.38,0.75,0.19,0.12,0.0,0.19,0.69,1.5,-2.75
1630608.0,0.0,0.0,0.0,0.0,0.0,0.0,0.0,0.0,0.0,0.0,0.0,0.0,0.0,0.0,0.0,0.0,0.0,0.0,5.0
1630577.0,2.22,5.43,0.36,1.36,3.74,0.29,1.01,1.24,0.38,0.57,2.22,2.78,1.39,0.65,0.57,0.77,1.04,6.81,-1.91
1631108.0,1.54,3.6,0.42,0.63,1.76,0.28,0.54,0.69,0.22,0.22,1.9,2.12,0.9,0.3,0.25,0.52,0.85,4.24,-0.25
1631321.0,1.33,2.75,0.28,0.08,1.0,0.03,1.0,1.25,0.35,0.67,1.17,1.83,0.83,0.58,0.25,0.25,1.5,3.75,2.08
1629634.0,5.5,9.83,0.55,0.17,1.0,0.17,0.17,1.17,0.08,2.17,3.17,5.33,1.5,0.83,1.0,0.5,1.33,11.33,-1.33
203903.0,6.13,14.84,0.39,1.65,5.62,0.26,3.22,3.65,0.72,0.89,2.53,3.42,5.04,0.64,0.11,2.65,1.47,17.13,-3.47
1629651.0,5.15,8.2,0.64,0.01,0.07,0.01,1.52,2.76,0.43,2.72,7.23,9.94,2.07,0.65,2.06,1.31,2.46,11.85,-3.93
1641730.0,2.17,4.04,0.39,0.52,1.43,0.18,0.91,1.3,0.29,1.13,2.39,3.52,0.78,0.35,0.7,0.65,1.09,5.78,-2.35
1629599.0,2.37,5.03,0.42,1.0,2.63,0.32,0.87,1.01,0.34,0.41,1.7,2.11,1.09,0.59,0.2,0.47,1.46,6.61,-1.31
1628381.0,5.84,10.97,0.53,1.26,3.41,0.34,2.16,2.72,0.63,2.31,6.15,8.46,1.13,0.59,0.9,1.44,2.81,15.1,-4.51
1628380.0,4.32,8.93,0.48,0.84,2.62,0.31,1.77,2.35,0.56,1.71,3.65,5.36,2.81,0.49,0.75,1.91,2.99,11.25,-5.7
201144.0,3.87,8.47,0.45,2.36,5.33,0.43,1.34,1.47,0.49,0.49,2.38,2.87,5.91,1.16,0.22,1.34,1.68,11.43,3.59
1626192.0,1.99,4.57,0.44,1.08,3.13,0.33,0.58,0.76,0.26,0.67,2.47,3.14,2.12,0.53,0.25,0.64,1.3,5.63,-0.18
1641731.0,2.98,6.86,0.45,1.02,2.94,0.32,1.46,2.08,0.48,0.89,3.17,4.06,1.75,0.9,0.76,1.38,2.17,8.44,-6.68
1641741.0,1.69,3.5,0.4,0.38,1.0,0.25,1.66,2.22,0.41,0.44,1.0,1.44,0.5,0.25,0.03,0.16,0.53,5.41,0.38
203496.0,1.48,3.38,0.36,0.66,1.93,0.23,0.76,0.9,0.29,1.07,2.28,3.34,0.83,1.34,0.62,0.38,1.93,4.38,3.59
1628470.0,2.04,4.74,0.41,1.13,2.89,0.36,0.51,0.68,0.25,1.3,2.79,4.09,1.09,0.57,0.4,0.6,2.08,5.72,-3.43
203109.0,2.28,5.4,0.42,1.16,3.32,0.31,0.52,0.72,0.2,0.62,2.6,3.22,1.32,0.76,0.18,0.46,1.48,6.24,-1.38
1630595.0,8.45,18.82,0.44,1.92,5.4,0.34,3.84,4.42,0.71,0.53,3.79,4.32,7.48,0.9,0.35,3.42,2.47,22.66,-5.65
203552.0,1.82,4.64,0.3,0.86,2.45,0.24,0.64,0.7,0.3,0.41,1.14,1.55,1.0,0.5,0.14,0.48,0.89,5.14,1.32
201939.0,8.78,19.53,0.44,4.82,11.84,0.41,4.04,4.38,0.86,0.5,3.96,4.46,5.12,0.73,0.38,2.84,1.58,26.43,2.55
1630700.0,2.28,5.1,0.42,0.69,2.21,0.32,0.56,0.87,0.19,1.02,2.85,3.87,2.69,1.39,0.41,0.97,1.66,5.8,1.15
203076.0,9.38,16.88,0.56,0.38,1.41,0.17,5.54,6.79,0.78,3.14,9.5,12.64,3.5,1.2,2.34,2.09,2.33,24.68,1.97
1631098.0,1.24,3.08,0.32,0.28,0.8,0.13,0.28,0.48,0.13,0.36,1.08,1.44,0.64,0.36,0.2,0.26,1.14,3.04,-3.0
1631120.0,0.62,1.5,0.3,0.38,0.88,0.29,0.38,0.5,0.19,0.25,1.0,1.25,1.25,0.12,0.12,0.25,0.5,2.0,2.88
201942.0,8.23,17.15,0.48,0.95,2.85,0.28,6.61,7.75,0.85,0.54,3.76,4.3,5.33,1.14,0.57,1.71,2.04,24.01,-0.77
1641926.0,2.5,4.75,0.31,0.25,2.0,0.08,0.25,0.75,0.12,0.25,2.0,2.25,1.0,0.0,0.25,0.75,0.25,5.5,-2.25
1628978.0,5.49,12.4,0.43,3.49,8.7,0.39,1.06,1.41,0.36,0.78,2.89,3.67,2.67,1.32,0.44,1.4,2.05,15.54,2.0
1631217.0,0.91,1.73,0.41,0.0,0.0,0.0,0.82,1.27,0.34,1.36,0.82,2.18,0.36,0.45,0.09,0.18,0.36,2.64,-0.18
1641711.0,3.15,7.42,0.39,1.47,4.02,0.3,0.73,0.85,0.28,0.45,1.75,2.2,1.13,0.57,0.03,0.83,1.45,8.5,-6.3
1631172.0,1.48,3.52,0.34,0.64,2.12,0.25,0.42,0.48,0.2,0.3,1.24,1.55,1.12,0.24,0.15,0.58,0.67,4.03,0.03
203915.0,3.3,8.42,0.37,1.63,4.84,0.32,2.22,2.76,0.58,0.39,2.3,2.7,4.68,0.67,0.29,1.2,1.82,10.46,0.88
1629029.0,11.49,23.6,0.48,4.06,10.63,0.37,6.83,8.69,0.79,0.84,8.4,9.24,9.8,1.41,0.54,4.03,2.13,33.86,4.56
1629652.0,3.65,8.32,0.43,1.97,5.01,0.39,1.62,1.96,0.49,0.94,2.66,3.59,1.43,0.91,0.59,0.94,2.89,10.89,4.39
1630245.0,4.74,9.46,0.48,1.57,3.88,0.34,1.12,1.38,0.4,0.71,2.13,2.84,3.18,0.89,0.47,1.36,2.18,12.16,-2.08
203083.0,3.38,6.08,0.56,0.0,0.04,0.0,1.63,2.76,0.5,3.35,5.61,8.96,0.47,0.92,0.61,1.03,1.77,8.39,0.34
1630537.0,1.36,3.56,0.32,0.75,2.15,0.26,0.44,0.56,0.21,0.44,1.36,1.8,0.75,0.47,0.14,0.44,1.36,3.9,-1.12
1627739.0,2.23,4.74,0.46,0.62,1.68,0.32,0.33,0.48,0.14,0.76,2.11,2.86,3.85,1.03,0.42,1.2,2.05,5.41,0.21
201142.0,10.01,19.15,0.53,2.24,5.43,0.42,4.83,5.64,0.8,0.55,6.05,6.6,5.04,0.92,1.21,3.25,1.77,27.09,3.87
1631105.0,5.72,9.25,0.62,0.0,0.07,0.0,2.34,2.97,0.58,3.15,8.48,11.62,2.41,0.54,0.77,2.11,3.15,13.79,-5.11
1631106.0,4.0,8.59,0.45,0.82,2.27,0.29,0.95,1.5,0.29,2.09,4.86,6.95,1.23,1.41,0.86,0.91,2.32,9.77,4.0
1630162.0,9.09,19.72,0.45,2.41,6.73,0.34,5.35,6.41,0.8,0.66,4.78,5.44,5.13,1.28,0.53,3.05,1.78,25.94,5.44
1630556.0,0.63,1.52,0.19,0.37,0.96,0.17,0.09,0.17,0.06,0.17,0.61,0.78,0.28,0.19,0.07,0.07,0.48,1.72,-0.83
1631165.0,1.88,4.07,0.34,1.23,2.95,0.29,0.46,0.61,0.21,0.56,1.61,2.18,1.49,0.89,0.51,0.65,1.96,5.44,1.65
203954.0,11.54,21.82,0.53,1.38,3.56,0.38,10.23,11.59,0.89,2.44,8.59,11.03,5.62,1.18,1.69,3.85,2.87,34.69,6.82
1629234.0,2.03,3.37,0.56,0.04,0.04,0.04,0.96,1.24,0.36,1.37,2.92,4.29,0.84,0.36,0.81,0.81,1.53,5.05,-1.43
203957.0,2.93,5.49,0.49,0.96,1.96,0.39,0.96,1.24,0.37,0.45,2.25,2.71,2.85,0.4,0.09,0.89,1.55,7.78,4.35
1628981.0,2.42,4.16,0.5,0.0,0.09,0.0,1.42,2.13,0.42,1.31,2.98,4.29,1.02,0.56,0.62,0.98,2.38,6.27,-2.13
1627827.0,3.16,7.51,0.41,1.72,4.94,0.33,0.49,0.68,0.22,1.6,3.06,4.66,1.57,0.82,0.56,0.87,2.21,8.53,-1.63
1630201.0,1.97,4.71,0.34,0.81,2.45,0.29,0.75,1.03,0.29,0.3,1.35,1.65,1.88,0.55,0.12,0.91,0.96,5.51,-2.59
1631323.0,3.82,8.3,0.44,2.03,5.06,0.4,0.82,1.0,0.32,0.97,2.76,3.73,1.53,0.67,0.35,1.03,1.67,10.48,-0.39
1630259.0,0.67,1.17,0.28,0.33,0.5,0.33,0.33,0.33,0.17,0.0,0.33,0.33,0.33,0.0,0.0,0.17,0.0,2.0,2.33
1630235.0,0.89,2.37,0.28,0.05,0.26,0.04,0.34,0.45,0.16,0.29,1.05,1.34,2.42,0.29,0.08,0.53,0.66,2.18,-2.47
203095.0,2.47,6.91,0.31,1.03,4.06,0.21,0.91,1.12,0.36,0.16,1.66,1.81,1.5,0.91,0.22,0.66,1.5,6.88,-4.44
1628368.0,9.73,20.93,0.46,2.89,7.84,0.36,4.22,5.72,0.69,0.91,3.69,4.59,5.65,2.03,0.42,2.62,2.61,26.57,3.15
1631241.0,2.5,5.64,0.34,0.45,1.91,0.14,1.5,1.64,0.63,0.73,2.45,3.18,1.82,0.45,0.18,1.14,1.27,6.95,-7.23
1641788.0,1.0,2.5,0.26,0.17,0.83,0.06,0.33,0.33,0.17,0.67,0.17,0.83,0.0,0.5,0.0,0.33,0.33,2.5,-6.33
1628365.0,3.58,7.58,0.46,0.09,0.42,0.05,0.53,0.77,0.24,1.3,1.91,3.21,2.79,0.98,0.35,1.16,1.51,7.79,0.33
1629655.0,4.7,6.49,0.71,0.0,0.0,0.0,1.59,2.36,0.48,2.64,4.96,7.59,1.55,0.88,2.07,1.0,3.07,11.0,-1.36
201568.0,1.69,3.88,0.4,0.61,1.9,0.26,1.71,2.0,0.51,0.41,1.8,2.2,1.12,0.29,0.12,0.47,1.02,5.71,-2.02
1629636.0,6.58,14.75,0.44,2.32,6.25,0.34,2.56,3.07,0.69,0.53,2.14,2.67,6.54,1.3,0.12,3.09,1.67,18.04,1.95
1630586.0,0.17,1.0,0.04,0.0,0.17,0.0,0.17,0.33,0.08,0.5,0.67,1.17,0.17,0.17,0.5,0.33,0.33,0.5,-1.83
1630568.0,1.44,3.0,0.33,0.36,1.28,0.15,0.72,1.0,0.26,0.76,0.48,1.24,0.16,0.16,0.04,0.24,0.96,3.96,0.28
1629232.0,0.0,4.0,0.0,0.0,2.0,0.0,0.0,0.0,0.0,0.0,1.0,1.0,0.0,0.0,0.0,0.0,0.0,0.0,-2.0
1641718.0,4.25,10.87,0.38,1.96,5.87,0.31,2.52,2.97,0.61,0.2,2.61,2.81,4.43,0.48,0.09,2.51,1.21,12.99,-4.99
202331.0,7.86,16.7,0.47,3.28,7.95,0.41,3.57,3.93,0.74,0.5,4.74,5.24,3.54,1.53,0.5,2.07,2.73,22.58,6.23
1630581.0,5.03,10.59,0.48,1.02,3.04,0.27,1.25,1.55,0.46,1.39,5.04,6.42,4.82,0.64,0.55,2.1,1.39,12.32,4.69
1628385.0,1.0,2.17,0.27,0.13,0.61,0.11,0.3,0.57,0.17,0.52,0.78,1.3,0.26,0.09,0.13,0.26,0.65,2.43,-1.78
1628983.0,10.61,19.83,0.54,1.27,3.59,0.38,7.56,8.65,0.87,0.87,4.67,5.53,6.2,2.0,0.89,2.16,2.45,30.05,8.13
1630264.0,1.5,3.2,0.33,0.2,0.82,0.11,0.58,0.72,0.23,0.74,1.14,1.88,0.68,0.26,0.22,0.46,0.96,3.78,0.1
1631221.0,1.33,2.88,0.36,0.62,1.58,0.21,0.33,0.5,0.16,0.04,0.83,0.88,1.12,0.54,0.0,0.58,1.0,3.62,0.58
1631367.0,1.46,3.66,0.32,1.24,3.07,0.32,0.05,0.05,0.05,0.22,0.9,1.12,3.34,0.8,0.12,0.73,0.95,4.22,-4.22
203497.0,5.34,8.08,0.66,0.0,0.04,0.0,3.28,5.13,0.59,3.75,9.17,12.92,1.34,0.68,2.13,1.55,3.13,13.96,5.41
1630692.0,2.47,6.7,0.36,0.74,2.47,0.21,0.77,1.04,0.27,1.54,2.89,4.44,2.72,0.84,0.32,0.98,1.33,6.46,-1.61
203932.0,5.45,9.81,0.58,0.55,1.89,0.22,2.42,3.68,0.54,2.38,4.07,6.45,3.55,0.77,0.62,1.44,1.95,13.88,5.78
201569.0,4.03,9.09,0.42,2.21,5.84,0.35,0.75,0.94,0.32,0.24,1.56,1.79,2.04,0.97,0.44,1.07,1.16,11.01,1.82
1628984.0,1.65,4.7,0.3,1.09,3.61,0.26,0.57,0.7,0.29,0.22,1.35,1.57,2.13,0.39,0.09,0.74,0.61,4.96,1.0
203924.0,7.09,15.74,0.44,2.06,5.11,0.39,4.72,5.78,0.75,0.69,2.85,3.54,2.81,0.83,0.63,2.15,2.17,20.96,-6.52
1631260.0,1.48,3.5,0.36,1.23,3.02,0.32,0.3,0.34,0.17,0.16,0.98,1.14,0.54,0.16,0.07,0.21,0.88,4.5,0.89
201980.0,0.0,1.0,0.0,0.0,0.5,0.0,0.0,0.0,0.0,0.0,1.0,1.0,0.5,0.5,0.0,0.0,0.5,0.0,0.0
203110.0,3.36,6.76,0.47,0.93,2.35,0.3,0.98,1.35,0.32,1.38,5.85,7.24,6.04,1.0,0.85,2.45,3.02,8.64,3.13
1630224.0,6.87,16.24,0.4,2.45,7.38,0.3,3.45,4.29,0.7,0.5,4.66,5.16,3.55,0.8,0.34,2.33,1.4,19.63,0.35
201145.0,2.14,4.69,0.44,0.68,2.05,0.23,1.56,1.91,0.5,0.59,1.69,2.28,0.9,0.21,0.4,0.59,1.28,6.53,-0.99
1630182.0,3.14,6.56,0.45,1.26,3.28,0.32,0.68,1.0,0.25,0.7,2.53,3.23,2.28,0.82,0.16,1.05,1.88,8.23,-1.75
1631100.0,0.9,3.1,0.31,0.5,1.95,0.24,0.1,0.1,0.05,0.1,0.8,0.9,0.25,0.05,0.1,0.4,0.3,2.4,-2.55
1629656.0,2.39,6.43,0.36,1.59,4.71,0.31,0.67,0.88,0.2,0.29,1.67,1.96,1.29,0.69,0.14,0.55,1.47,7.04,-0.78
1631243.0,1.33,3.83,0.18,0.5,1.5,0.28,0.83,1.0,0.14,1.67,2.0,3.67,0.67,0.83,0.67,0.17,2.17,4.0,-6.83
1629060.0,5.34,9.94,0.54,1.44,3.41,0.41,1.46,1.97,0.47,0.85,3.47,4.32,1.19,0.6,0.37,0.68,1.49,13.57,1.81
1630169.0,7.25,15.19,0.47,2.83,7.75,0.34,2.81,3.29,0.7,0.51,3.42,3.93,10.9,1.2,0.7,2.3,1.09,20.13,4.25
1630181.0,0.5,1.75,0.19,0.12,1.0,0.12,0.12,0.25,0.06,0.25,0.5,0.75,1.0,0.0,0.0,0.38,1.0,1.25,2.62
203501.0,4.96,12.35,0.38,2.67,7.56,0.33,1.82,2.14,0.55,0.28,2.94,3.22,1.76,0.53,0.08,0.87,1.34,14.42,0.15
201935.0,4.89,11.42,0.42,2.58,6.78,0.37,4.19,4.78,0.88,0.47,4.65,5.12,8.53,1.07,0.79,2.57,1.76,16.56,4.06
1630702.0,2.67,6.56,0.38,1.11,3.07,0.27,0.81,1.04,0.28,0.27,1.52,1.79,1.49,0.3,0.05,0.85,1.1,7.26,-1.73
1631199.0,0.0,0.0,0.0,0.0,0.0,0.0,0.0,0.0,0.0,0.0,0.0,0.0,1.0,0.0,0.0,0.0,2.0,0.0,-9.0
203914.0,2.43,5.5,0.44,1.41,3.8,0.38,0.63,0.83,0.28,0.44,1.24,1.69,1.61,0.91,0.26,0.57,1.69,6.89,1.69
203925.0,0.88,2.44,0.19,0.62,1.88,0.14,0.06,0.12,0.03,0.19,0.62,0.81,0.62,0.19,0.12,0.25,1.19,2.44,-3.12
1630284.0,1.0,1.5,0.33,0.0,0.0,0.0,0.0,0.0,0.0,0.0,1.0,1.0,0.5,0.0,0.0,0.5,1.5,2.0,0.0
202699.0,6.61,13.59,0.48,1.3,3.69,0.33,2.67,3.04,0.74,1.14,5.33,6.47,3.1,1.0,0.66,1.33,1.64,17.2,3.2
1628404.0,3.64,8.38,0.42,0.99,3.19,0.28,1.12,1.42,0.42,1.58,6.75,8.33,4.09,0.93,0.28,1.46,2.11,9.4,4.27
1628392.0,3.13,4.87,0.65,0.01,0.04,0.01,1.48,2.09,0.53,3.25,5.09,8.35,2.51,1.16,1.13,1.24,2.8,7.76,5.45
1630573.0,3.15,7.06,0.47,2.49,5.89,0.45,0.22,0.24,0.1,0.57,2.92,3.49,1.04,0.51,0.32,0.41,1.25,9.01,6.23
1641722.0,2.6,6.81,0.35,1.63,4.45,0.32,1.0,1.19,0.31,0.43,1.78,2.21,1.04,0.28,0.1,0.6,1.07,7.82,0.18
1629637.0,1.8,2.5,0.56,0.0,0.11,0.0,0.73,1.17,0.29,0.99,2.03,3.01,0.47,0.49,0.41,0.61,1.76,4.33,-1.5
1630165.0,2.79,6.74,0.38,0.52,1.76,0.17,0.79,1.19,0.31,0.26,2.57,2.83,4.88,0.86,0.48,1.21,1.79,6.88,-5.79
202330.0,3.67,7.9,0.43,0.73,1.76,0.31,1.75,2.35,0.46,0.75,2.8,3.55,3.1,0.78,0.25,1.29,1.31,9.8,-2.63
1630703.0,4.95,12.85,0.39,1.4,4.32,0.31,2.69,3.29,0.71,0.85,2.27,3.13,5.42,0.77,0.21,3.42,3.15,14.0,-7.97
1641707.0,2.7,6.0,0.43,1.32,3.5,0.38,0.57,0.72,0.24,1.15,3.48,4.62,0.8,0.7,0.75,0.68,1.92,7.3,-3.72
1629639.0,7.71,17.5,0.44,3.14,7.93,0.39,2.26,2.64,0.57,0.45,4.83,5.29,4.48,0.71,0.07,2.21,1.5,20.83,0.74
1627741.0,4.42,10.12,0.43,2.61,6.76,0.38,0.62,0.7,0.3,0.73,2.48,3.2,2.81,0.83,0.5,1.23,2.01,12.06,0.76
1629312.0,2.32,4.98,0.41,1.15,2.91,0.33,0.35,0.55,0.15,0.98,2.2,3.18,1.06,0.8,0.45,0.52,1.77,6.14,0.11
1630207.0,0.73,1.73,0.28,0.47,0.93,0.24,0.27,0.33,0.11,0.47,1.0,1.47,0.67,0.2,0.13,0.2,0.73,2.2,0.87
1641793.0,0.71,2.14,0.24,0.43,1.71,0.19,0.14,0.29,0.07,0.0,0.0,0.0,0.71,0.14,0.14,0.14,0.57,2.0,-5.0
1628988.0,2.38,5.35,0.38,1.08,2.78,0.32,0.74,0.81,0.29,0.29,1.28,1.58,1.79,0.54,0.08,0.68,1.6,6.59,1.1
201950.0,4.8,9.99,0.49,2.0,4.67,0.44,0.87,1.04,0.38,1.22,4.19,5.41,4.83,0.88,0.77,1.8,1.57,12.46,6.2
203200.0,1.52,3.34,0.37,0.95,2.34,0.29,0.05,0.07,0.03,0.16,1.07,1.22,1.16,0.62,0.16,0.24,1.19,4.03,0.95
1626158.0,2.05,3.68,0.5,0.02,0.08,0.02,0.85,1.18,0.29,1.78,2.78,4.55,0.62,0.28,0.48,0.6,1.85,4.97,-2.25
1631096.0,6.16,11.62,0.53,1.57,4.26,0.35,2.66,3.35,0.66,1.57,6.33,7.9,2.44,0.65,2.32,1.6,2.4,16.55,5.12
1641720.0,0.48,2.14,0.2,0.1,0.71,0.05,0.57,0.95,0.24,0.1,0.52,0.62,0.38,0.14,0.1,0.43,0.62,1.62,-2.57
201143.0,3.29,6.45,0.51,1.66,3.97,0.4,0.4,0.46,0.2,1.26,5.09,6.35,2.58,0.58,0.95,0.74,1.43,8.65,6.46
1629659.0,3.61,9.12,0.37,1.18,3.57,0.31,1.73,2.14,0.51,0.41,1.96,2.37,3.47,0.88,0.37,1.27,1.84,10.12,-2.1
1627863.0,1.38,3.09,0.4,0.44,1.47,0.24,1.03,1.35,0.45,0.47,1.24,1.71,0.82,0.44,0.15,0.56,1.32,4.24,0.65
1631216.0,1.36,3.49,0.34,1.22,3.27,0.33,0.36,0.44,0.14,0.47,0.95,1.42,0.49,0.25,0.07,0.27,1.03,4.29,-0.51
1641724.0,0.56,1.67,0.33,0.39,1.39,0.29,0.11,0.22,0.06,0.06,0.33,0.39,0.33,0.11,0.11,0.17,0.22,1.61,0.22
1628989.0,3.88,8.75,0.4,1.92,5.33,0.3,0.56,0.73,0.27,0.59,2.91,3.5,2.59,0.7,0.36,0.83,2.11,10.23,1.2
1630643.0,0.45,0.75,0.32,0.15,0.45,0.12,0.1,0.1,0.05,0.1,0.45,0.55,0.1,0.1,0.15,0.05,0.45,1.15,-0.45
1629631.0,5.33,11.63,0.45,2.05,5.33,0.39,2.91,3.44,0.69,0.54,3.35,3.89,1.53,0.7,0.28,1.46,2.56,15.63,-0.86
1630538.0,2.62,6.78,0.31,1.19,3.65,0.25,0.49,0.62,0.18,0.14,1.35,1.49,2.51,0.7,0.11,1.19,1.38,6.92,-1.76
204060.0,1.46,3.34,0.39,1.03,2.37,0.36,0.41,0.5,0.21,0.26,1.82,2.09,2.99,0.63,0.07,0.99,1.29,4.35,2.43
1627742.0,7.81,15.89,0.49,1.34,3.78,0.3,3.84,4.8,0.76,0.67,4.39,5.06,5.67,0.78,0.62,2.55,2.27,20.81,2.7
202681.0,9.69,19.5,0.5,2.98,7.26,0.4,3.28,3.62,0.76,0.76,4.24,5.0,5.16,1.28,0.48,1.83,1.93,25.64,4.78
1628371.0,2.52,4.93,0.48,0.72,1.93,0.26,1.02,1.41,0.4,1.26,3.22,4.48,0.52,0.74,1.21,0.47,1.1,6.78,3.19
1631093.0,5.42,12.64,0.43,1.61,4.79,0.33,2.95,3.94,0.67,1.12,2.31,3.43,3.84,0.74,0.53,2.47,2.65,15.39,-4.53
1641713.0,5.02,11.73,0.4,2.12,5.96,0.32,2.4,3.19,0.58,1.1,2.98,4.08,1.23,0.58,0.5,1.35,1.33,14.56,-4.06
1630543.0,2.58,3.88,0.63,0.0,0.07,0.0,1.22,1.7,0.4,1.57,2.4,3.97,0.83,0.57,1.02,0.65,2.28,6.38,0.52
202704.0,3.98,9.22,0.41,1.24,3.46,0.34,0.96,1.2,0.37,0.4,1.49,1.89,3.76,0.54,0.16,1.29,1.82,10.16,1.0
1641748.0,0.88,1.75,0.31,0.3,0.81,0.15,0.14,0.19,0.08,0.75,1.23,1.98,0.88,0.28,0.11,0.49,1.61,2.19,-1.56
1628991.0,7.82,17.61,0.44,1.77,5.55,0.31,5.11,6.32,0.75,1.29,4.24,5.53,2.33,1.21,1.61,2.42,3.56,22.52,-5.14
1631218.0,3.43,4.88,0.62,0.0,0.01,0.0,1.09,1.94,0.39,1.99,3.03,5.01,1.21,0.43,1.12,0.72,1.59,7.94,0.47
2544.0,9.65,17.87,0.54,2.1,5.11,0.4,4.27,5.69,0.73,0.86,6.44,7.3,8.3,1.25,0.54,3.45,1.1,25.66,3.11
1631170.0,4.55,9.29,0.48,0.87,2.69,0.3,1.89,2.33,0.57,1.09,2.71,3.8,2.6,1.03,0.27,1.47,2.23,11.85,1.43
1629610.0,0.35,1.0,0.22,0.12,0.59,0.12,0.0,0.12,0.0,0.0,0.29,0.29,0.29,0.0,0.06,0.18,0.12,0.82,-0.59
1629660.0,1.0,2.0,0.67,0.0,0.5,0.0,0.0,0.0,0.0,0.5,0.0,0.5,1.5,0.0,0.0,0.5,1.0,2.0,-7.0
1630198.0,2.85,6.22,0.46,1.88,4.53,0.4,0.58,0.67,0.23,0.41,1.9,2.31,1.27,0.59,0.28,0.6,1.12,8.15,4.5
1629661.0,4.76,10.67,0.44,2.38,6.09,0.39,1.48,1.88,0.51,0.95,3.38,4.33,2.38,0.84,0.26,0.98,1.81,13.38,-1.33
1630552.0,6.41,12.54,0.53,1.27,3.57,0.37,1.91,2.62,0.57,1.32,7.39,8.71,3.62,1.2,0.84,1.8,2.38,16.0,-1.36
1629640.0,5.67,12.49,0.44,1.84,5.32,0.32,2.54,3.2,0.67,1.38,4.09,5.46,2.83,0.74,0.29,1.45,2.16,15.71,-5.03
1630553.0,1.6,4.2,0.39,0.8,2.0,0.37,2.2,2.4,0.7,0.6,0.8,1.4,0.6,0.6,0.2,1.0,1.0,6.2,-5.0
1641749.0,0.56,1.78,0.17,0.11,0.33,0.11,0.0,0.0,0.0,0.44,0.67,1.11,0.44,0.11,0.0,0.44,0.56,1.22,-0.78
203999.0,10.41,17.86,0.6,1.05,2.92,0.35,4.53,5.54,0.78,2.82,9.53,12.35,8.96,1.37,0.86,3.0,2.46,26.39,8.63
1641732.0,0.93,2.37,0.27,0.07,0.73,0.01,0.2,0.37,0.1,0.57,0.77,1.33,0.67,0.23,0.17,0.33,0.97,2.13,0.3
1627745.0,1.1,1.85,0.38,0.08,0.36,0.04,0.46,0.54,0.26,0.51,1.08,1.59,0.38,0.18,0.33,0.33,0.69,2.74,-2.33
1630529.0,3.86,7.74,0.49,1.5,3.59,0.39,1.8,2.08,0.58,0.97,2.61,3.58,2.62,1.38,0.82,1.22,2.95,11.01,3.04
1630200.0,3.94,7.79,0.49,0.83,2.48,0.28,1.31,1.53,0.45,0.75,3.0,3.75,6.21,1.01,0.12,1.51,1.19,10.01,-0.3
1626145.0,4.94,10.09,0.48,1.61,3.88,0.36,0.48,0.61,0.27,0.3,2.41,2.71,7.35,1.08,0.27,1.0,0.73,11.97,-7.52
1627884.0,3.14,6.51,0.47,1.08,3.14,0.26,1.28,1.79,0.43,1.08,2.21,3.29,0.99,0.7,0.67,0.86,1.59,8.64,0.74
201599.0,1.61,2.58,0.58,0.0,0.0,0.0,0.72,1.47,0.22,1.5,2.86,4.36,0.72,0.17,0.44,0.64,1.56,3.94,-2.44
202709.0,0.88,2.46,0.29,0.5,1.62,0.21,0.15,0.27,0.08,0.23,0.92,1.15,1.62,0.15,0.12,0.46,0.96,2.42,-0.46
1631107.0,2.76,6.11,0.42,1.41,3.54,0.37,0.72,1.02,0.28,0.54,3.63,4.17,1.96,0.54,0.3,0.91,1.78,7.65,3.24
1630548.0,2.55,5.5,0.36,1.6,3.85,0.33,0.5,0.7,0.23,0.35,1.45,1.8,1.15,0.2,0.1,0.65,1.45,7.2,-0.4
1628379.0,3.62,8.08,0.44,2.74,6.1,0.45,1.03,1.15,0.42,0.28,2.62,2.9,3.49,0.51,0.05,1.38,1.0,11.0,-4.79
1631117.0,3.58,5.47,0.67,0.06,0.3,0.05,0.88,1.45,0.33,2.58,4.94,7.52,0.94,0.47,2.41,1.03,2.06,8.09,-2.33
1630296.0,0.35,0.85,0.24,0.1,0.25,0.08,0.3,0.4,0.18,0.15,0.75,0.9,0.45,0.1,0.05,0.05,0.25,1.1,-0.55
1630557.0,4.82,9.93,0.48,2.3,6.0,0.37,1.42,1.96,0.51,0.38,2.44,2.81,1.95,0.51,0.2,1.23,1.76,13.38,-5.58
1628467.0,1.47,3.4,0.37,0.74,2.14,0.27,0.77,1.09,0.3,0.7,2.63,3.33,1.58,0.4,0.7,0.65,1.84,4.44,2.88
1628995.0,2.77,6.0,0.41,1.0,3.03,0.26,0.65,0.71,0.36,0.58,1.84,2.42,0.74,0.42,0.23,0.71,1.61,7.19,-2.74
1629723.0,1.6,3.78,0.36,0.69,2.18,0.26,0.38,0.45,0.18,1.31,3.36,4.67,2.0,0.93,0.93,0.84,1.38,4.27,-2.71
1627788.0,0.86,2.17,0.3,0.4,1.14,0.18,0.4,0.57,0.21,0.11,0.74,0.86,0.71,0.4,0.09,0.29,0.49,2.51,1.31
1628436.0,2.25,3.22,0.62,0.02,0.02,0.02,0.78,0.86,0.33,1.87,2.27,4.14,1.06,0.37,0.97,0.33,1.22,5.3,3.46
1630228.0,6.16,11.65,0.52,0.72,2.23,0.24,3.01,4.04,0.67,1.24,3.55,4.8,2.2,0.74,0.49,1.65,2.28,16.05,1.69
1628398.0,8.69,18.76,0.46,2.16,6.43,0.32,2.66,3.43,0.67,0.89,5.74,6.63,4.23,0.53,0.7,2.74,2.19,22.19,-7.99
1631222.0,3.37,8.66,0.34,1.51,4.46,0.27,2.57,3.11,0.54,1.46,2.2,3.66,1.66,0.83,0.34,1.29,1.97,10.83,-3.26
203897.0,6.8,15.04,0.43,2.36,6.76,0.32,3.52,4.12,0.72,0.32,4.84,5.16,3.92,0.84,0.32,2.08,2.28,19.48,-3.68
1629111.0,1.89,3.68,0.42,0.18,0.71,0.11,0.93,1.16,0.34,1.57,1.5,3.07,1.16,0.36,0.59,0.55,1.32,4.89,2.91
1630639.0,1.29,2.88,0.38,0.31,1.19,0.12,0.36,0.55,0.15,0.33,0.86,1.19,0.48,0.24,0.07,0.33,0.52,3.24,0.43
1627747.0,5.07,12.06,0.41,1.59,4.88,0.31,2.26,2.96,0.48,0.57,3.54,4.12,5.09,1.12,0.5,1.72,1.78,14.0,1.76
1630240.0,0.83,2.29,0.33,0.08,0.67,0.03,1.21,1.62,0.4,0.38,0.92,1.29,1.25,0.29,0.12,0.33,0.54,2.96,0.62
203458.0,1.04,1.69,0.44,0.0,0.06,0.0,0.42,0.71,0.16,0.96,1.71,2.67,1.04,0.23,0.69,0.56,1.38,2.5,2.92
202695.0,8.97,17.09,0.52,2.06,4.94,0.41,3.72,4.21,0.77,1.24,4.88,6.12,3.59,1.63,0.87,1.75,1.43,23.72,5.76
1641721.0,0.12,0.62,0.07,0.03,0.26,0.01,0.06,0.09,0.02,0.06,0.06,0.12,0.18,0.06,0.03,0.29,0.15,0.32,-2.15
1630184.0,1.21,3.29,0.3,0.14,1.18,0.07,0.61,0.71,0.25,0.32,0.61,0.93,1.32,0.32,0.07,0.5,0.46,3.18,-2.39
1630604.0,0.12,0.75,0.04,0.0,0.62,0.0,0.25,0.25,0.12,0.0,0.62,0.62,0.12,0.25,0.25,0.25,0.25,0.5,-0.5
203081.0,7.41,17.49,0.42,3.01,8.52,0.36,6.48,7.04,0.89,0.49,3.89,4.38,6.96,0.99,0.25,2.64,1.84,24.32,5.33
1629642.0,1.27,2.76,0.38,0.47,1.56,0.23,0.38,0.44,0.19,0.31,1.36,1.67,0.47,0.22,0.22,0.31,0.87,3.38,-2.0
1641726.0,4.02,5.38,0.71,0.0,0.04,0.0,0.75,1.47,0.26,2.45,4.42,6.87,1.09,0.65,1.4,0.91,2.62,8.78,2.62
1630587.0,1.74,5.04,0.34,0.96,3.35,0.25,0.52,0.78,0.22,0.65,1.43,2.09,1.09,0.57,0.22,0.7,1.87,4.96,-8.65
1641753.0,0.52,1.05,0.28,0.05,0.24,0.05,0.14,0.19,0.07,0.14,0.86,1.0,0.24,0.1,0.0,0.24,0.71,1.24,-1.29
1631254.0,1.71,3.71,0.36,0.33,1.14,0.17,0.81,1.24,0.23,0.57,1.24,1.81,1.57,0.29,0.24,0.67,1.14,4.57,-0.52
1626172.0,1.88,3.15,0.58,0.0,0.01,0.0,0.76,1.12,0.36,1.93,3.73,5.66,1.8,0.38,0.39,0.68,2.09,4.51,0.51
201572.0,4.63,9.56,0.48,1.87,5.11,0.35,1.39,1.7,0.48,1.48,3.7,5.18,1.61,0.54,2.39,1.0,2.42,12.53,3.51
201577.0,0.44,1.19,0.24,0.12,0.5,0.12,0.12,0.12,0.06,0.19,0.12,0.31,0.25,0.06,0.19,0.12,0.44,1.12,-1.44
201567.0,2.87,6.53,0.43,1.53,4.44,0.29,1.55,1.96,0.47,1.07,5.07,6.15,2.09,0.33,0.18,0.87,1.76,8.82,1.98
200768.0,2.72,6.28,0.41,1.63,4.17,0.38,1.05,1.25,0.38,0.57,2.67,3.23,4.22,0.98,0.35,1.42,2.43,8.12,0.03
1641754.0,0.44,1.89,0.24,0.33,1.44,0.13,0.33,0.44,0.17,0.11,0.67,0.78,0.0,0.0,0.0,0.11,0.67,1.56,-1.44
1626168.0,2.47,5.53,0.39,1.45,3.78,0.32,0.84,1.21,0.38,1.05,3.38,4.43,1.24,0.29,0.33,0.66,1.48,7.22,3.09
1630177.0,1.18,4.12,0.21,0.29,1.76,0.09,0.82,0.88,0.22,0.24,1.18,1.41,1.65,0.41,0.0,1.06,1.24,3.47,-3.82
1630572.0,1.59,3.37,0.34,0.41,1.39,0.15,0.54,0.74,0.18,0.98,2.22,3.2,1.07,0.15,0.26,0.41,0.76,4.13,0.98
1629611.0,3.39,6.57,0.5,0.95,2.72,0.35,1.05,1.27,0.45,1.16,2.23,3.39,1.59,0.57,0.2,0.64,1.93,8.77,0.69
1630544.0,3.54,7.71,0.39,1.15,3.07,0.3,1.1,1.44,0.37,0.49,3.15,3.63,4.02,1.24,0.07,1.59,1.17,9.32,-3.07
1626246.0,1.29,2.43,0.47,0.0,0.14,0.0,0.64,1.0,0.27,0.5,1.79,2.29,0.43,0.07,0.14,0.36,0.36,3.21,-1.43
1628374.0,7.76,16.18,0.48,3.18,7.98,0.4,4.53,5.04,0.82,2.22,5.95,8.16,2.0,0.91,0.47,1.4,1.82,23.24,0.36
1630230.0,2.58,5.56,0.45,0.88,2.27,0.39,1.03,1.3,0.37,0.8,2.83,3.64,1.94,0.74,0.18,0.98,1.38,7.06,3.11
1628997.0,3.77,8.73,0.42,1.27,3.62,0.36,1.2,1.55,0.46,1.16,3.23,4.39,2.23,0.73,0.45,1.2,1.97,10.0,1.03
1628998.0,2.93,7.68,0.37,0.96,3.07,0.29,0.71,1.18,0.27,0.68,3.21,3.89,3.71,1.14,0.64,1.57,1.71,7.54,-5.61
1630231.0,1.62,3.02,0.43,0.13,0.47,0.08,0.37,0.68,0.18,0.68,1.5,2.18,0.85,0.37,0.2,0.53,1.67,3.73,-0.13
1629726.0,1.56,3.42,0.43,1.29,2.92,0.42,0.52,0.64,0.17,0.26,1.14,1.39,0.56,0.3,0.12,0.29,1.74,4.92,-1.47
1631097.0,5.02,11.24,0.43,1.36,3.63,0.31,3.12,3.8,0.68,1.02,2.95,3.97,2.02,0.59,0.24,1.64,1.98,14.51,-1.56
202083.0,0.94,2.69,0.34,0.67,1.92,0.31,0.5,0.67,0.19,0.25,1.22,1.47,0.64,0.44,0.31,0.22,1.19,3.06,-1.92
1630178.0,9.11,20.27,0.45,3.03,8.13,0.36,4.69,5.4,0.81,0.51,3.17,3.69,6.19,0.99,0.47,1.66,2.16,25.94,4.33
1630219.0,1.66,4.18,0.25,0.42,1.42,0.13,0.34,0.45,0.16,0.26,0.87,1.13,2.24,0.55,0.11,0.53,0.68,4.08,-2.74
1630540.0,3.01,6.68,0.41,1.6,3.91,0.33,0.63,0.74,0.27,0.46,1.01,1.47,1.68,0.74,0.1,0.44,1.59,8.26,-0.24
203468.0,7.33,15.98,0.45,3.62,8.44,0.41,1.74,2.11,0.54,0.59,3.74,4.33,4.62,0.94,0.62,1.67,1.91,20.03,2.94
204456.0,4.65,8.35,0.54,0.25,0.62,0.17,0.69,0.87,0.33,0.51,2.18,2.69,5.49,1.01,0.11,1.52,1.11,10.24,1.35
1630183.0,4.26,8.72,0.49,1.19,3.54,0.32,0.79,1.1,0.34,0.78,2.33,3.11,1.4,0.88,0.58,1.21,3.04,10.51,2.15
1629667.0,1.3,3.78,0.26,0.24,1.42,0.12,0.54,0.74,0.2,0.36,1.22,1.58,0.74,0.38,0.12,0.6,1.04,3.38,-3.24
203926.0,1.92,4.44,0.35,1.47,3.58,0.34,0.17,0.3,0.07,0.16,0.77,0.92,1.09,0.25,0.03,0.44,1.0,5.48,-2.23
201580.0,1.72,2.87,0.51,0.02,0.15,0.02,0.57,0.98,0.24,0.91,1.83,2.74,0.37,0.3,0.43,0.74,1.0,4.02,0.15
1631121.0,1.71,3.9,0.34,0.58,1.73,0.19,1.12,1.44,0.39,0.29,1.44,1.73,0.86,0.36,0.17,0.51,1.25,5.12,-3.88
1629162.0,1.25,2.59,0.37,0.75,1.59,0.3,0.23,0.32,0.12,0.32,0.96,1.29,1.96,0.62,0.12,0.34,0.55,3.48,2.77
1629001.0,3.66,9.47,0.37,2.03,5.63,0.34,1.74,2.08,0.52,0.74,2.97,3.71,3.0,1.58,0.42,1.03,2.21,11.08,5.71
1630241.0,2.59,6.44,0.33,2.34,5.8,0.32,0.43,0.46,0.25,0.36,1.61,1.97,1.77,0.31,0.07,0.31,1.18,7.95,0.46
1629002.0,2.41,4.78,0.46,0.55,1.84,0.19,1.14,1.25,0.44,0.8,3.0,3.8,0.9,0.84,0.31,1.02,1.39,6.51,-2.16
203995.0,2.65,6.17,0.41,0.72,2.57,0.21,1.02,1.25,0.36,0.23,1.23,1.47,4.37,0.52,0.12,1.65,1.13,7.03,-1.23
203114.0,5.76,11.69,0.49,1.71,4.49,0.4,1.82,2.18,0.54,0.73,3.95,4.67,5.31,0.93,0.27,2.31,2.56,15.05,2.27
1641706.0,6.43,14.64,0.44,2.49,6.66,0.36,1.93,2.34,0.61,0.81,3.45,4.26,2.36,0.89,0.57,1.78,2.49,17.28,-6.89
1641757.0,0.62,1.12,0.42,0.12,0.25,0.12,0.25,0.25,0.12,0.38,0.25,0.62,0.0,0.0,0.0,0.12,0.25,1.62,-1.62
1631159.0,0.76,1.18,0.4,0.12,0.29,0.12,0.06,0.12,0.03,0.29,0.88,1.18,0.47,0.12,0.06,0.06,0.29,1.71,0.47
201988.0,1.44,4.09,0.28,0.75,2.72,0.25,0.34,0.34,0.12,0.28,0.81,1.09,1.06,0.62,0.03,0.5,1.0,3.97,0.16
1629003.0,1.65,4.06,0.34,0.38,1.33,0.15,0.83,1.02,0.32,0.29,1.27,1.56,1.25,0.4,0.12,0.65,1.12,4.5,-0.96
1631303.0,0.65,2.18,0.2,0.35,1.44,0.12,0.15,0.26,0.09,0.88,0.76,1.65,0.62,0.26,0.29,0.26,1.03,1.79,-2.38
1631169.0,0.53,1.12,0.34,0.12,0.31,0.12,0.38,0.44,0.21,0.12,0.41,0.53,0.25,0.16,0.16,0.06,0.31,1.56,0.62
1630558.0,2.03,4.49,0.39,0.79,2.19,0.25,0.42,0.58,0.21,0.26,1.06,1.32,1.86,0.24,0.04,0.6,1.18,5.26,-0.62
1628378.0,9.15,19.8,0.45,3.31,8.98,0.36,5.0,5.78,0.84,0.84,4.25,5.09,6.05,1.84,0.55,2.8,2.15,26.6,5.93
1630596.0,6.4,11.04,0.58,0.44,1.18,0.22,2.46,3.42,0.59,2.22,7.14,9.36,3.2,0.9,1.44,1.8,2.68,15.7,0.66
1630600.0,1.0,2.4,0.3,0.3,1.0,0.16,0.0,0.1,0.0,0.3,0.7,1.0,0.6,0.2,0.0,0.2,0.6,2.3,-3.0
1628370.0,5.5,12.4,0.43,2.06,5.88,0.31,2.36,2.85,0.59,0.39,2.56,2.94,5.14,0.62,0.54,2.08,2.17,15.42,0.12
1630541.0,2.94,6.36,0.45,1.09,3.03,0.33,1.11,1.41,0.39,0.98,1.98,2.97,0.86,0.64,0.36,0.67,1.36,8.08,1.5
1631111.0,0.36,0.72,0.24,0.0,0.24,0.0,0.0,0.0,0.0,0.0,0.48,0.48,0.24,0.2,0.04,0.16,0.2,0.72,-0.24
1629630.0,8.89,18.89,0.46,1.56,5.67,0.29,5.78,7.11,0.83,0.67,4.89,5.56,8.11,0.78,0.56,3.0,2.11,25.11,1.22
202693.0,0.88,2.62,0.33,0.58,1.62,0.24,0.19,0.23,0.1,0.15,1.35,1.5,0.62,0.19,0.12,0.46,0.46,2.54,-2.19
1628420.0,1.88,4.64,0.4,0.82,2.12,0.33,0.39,0.58,0.17,0.21,1.52,1.73,2.09,0.58,0.27,0.21,0.42,4.97,2.61
202694.0,2.37,5.39,0.42,0.98,2.43,0.3,0.73,0.9,0.29,0.47,2.27,2.73,0.73,0.31,0.27,0.61,1.51,6.45,-1.24
1630530.0,4.82,10.89,0.43,2.96,7.81,0.37,2.16,2.65,0.56,0.74,4.18,4.91,2.18,0.89,0.49,0.6,1.23,14.77,4.68
1627749.0,8.62,18.76,0.46,2.58,7.1,0.34,2.67,3.36,0.68,0.79,4.54,5.33,6.44,1.42,0.31,2.58,1.77,22.47,-1.97
1627750.0,8.03,16.71,0.47,2.46,5.78,0.43,2.66,3.12,0.71,0.71,3.39,4.1,6.51,0.97,0.66,2.12,1.76,21.19,5.27
1631099.0,5.75,12.66,0.43,2.38,6.64,0.33,1.34,1.61,0.46,1.38,4.08,5.45,1.68,1.03,0.77,0.83,2.66,15.22,1.77
1631200.0,2.34,5.9,0.34,0.79,2.95,0.23,0.6,0.9,0.23,1.37,2.24,3.61,1.29,0.85,0.34,0.89,1.48,6.06,-2.66
203488.0,1.06,2.94,0.33,0.53,1.81,0.18,0.32,0.47,0.12,0.74,1.62,2.36,0.68,0.17,0.25,0.42,0.98,2.96,-1.7
1629004.0,1.39,3.34,0.37,1.02,2.63,0.33,0.15,0.22,0.07,0.27,0.98,1.24,0.85,0.27,0.02,0.29,0.46,3.95,3.63
1626204.0,2.26,3.95,0.54,0.44,1.07,0.25,0.77,1.0,0.3,1.54,3.49,5.03,1.85,1.0,0.31,0.8,1.61,5.74,1.18
1629614.0,3.82,7.68,0.49,0.9,2.51,0.35,0.66,0.82,0.25,0.53,1.54,2.07,4.12,0.93,0.09,1.49,2.1,9.21,0.96
1630174.0,4.38,8.82,0.5,1.94,4.64,0.43,1.49,1.9,0.58,0.88,2.94,3.82,1.5,0.9,0.68,0.89,3.35,12.18,2.24
1627777.0,3.46,7.71,0.44,1.82,4.83,0.37,0.62,0.73,0.28,0.27,3.12,3.39,1.2,0.37,0.22,0.88,2.34,9.37,0.38
1630227.0,0.6,1.6,0.29,0.4,1.13,0.27,0.2,0.4,0.1,0.07,0.13,0.2,0.4,0.33,0.0,0.33,0.13,1.8,1.87
1630192.0,1.19,2.57,0.39,0.1,0.4,0.09,0.72,1.07,0.27,1.05,1.12,2.17,0.55,0.26,0.66,0.47,1.4,3.21,-2.9
1641806.0,0.0,1.0,0.0,0.0,0.0,0.0,2.0,2.0,1.0,2.0,0.0,2.0,2.0,1.0,0.0,0.0,0.0,2.0,4.0
1628373.0,0.2,1.8,0.1,0.2,1.6,0.1,0.4,0.4,0.2,0.2,1.0,1.2,0.8,0.0,0.0,0.2,0.8,1.0,-0.2
203994.0,4.21,8.25,0.52,0.29,1.18,0.12,2.2,3.43,0.53,2.95,8.07,11.01,3.96,1.07,1.05,2.3,3.34,10.91,5.37
1629670.0,2.65,5.75,0.39,0.85,2.52,0.28,0.85,1.02,0.34,0.54,2.33,2.87,1.19,0.5,0.25,1.02,0.92,7.0,-3.83
1626220.0,2.71,6.82,0.39,1.97,5.34,0.37,0.3,0.44,0.14,0.76,4.01,4.77,2.77,0.75,0.56,0.92,2.2,7.7,1.48
1629643.0,0.85,2.38,0.25,0.49,1.74,0.16,0.09,0.15,0.05,0.38,1.32,1.7,0.43,0.19,0.15,0.34,0.4,2.28,-1.49
1629006.0,1.43,3.43,0.33,0.48,1.57,0.23,1.27,1.7,0.39,1.23,1.33,2.57,1.07,0.8,0.4,0.6,1.13,4.62,0.15
1630168.0,4.05,6.64,0.61,0.42,1.25,0.2,1.67,2.11,0.54,2.64,4.2,6.84,1.35,0.47,1.09,0.82,2.95,10.2,-0.62
1630171.0,3.41,6.96,0.5,1.22,3.12,0.39,1.35,1.99,0.45,0.97,2.01,2.99,1.91,0.83,0.49,0.78,2.03,9.38,0.64
203482.0,3.54,6.37,0.54,0.77,1.99,0.33,1.92,2.31,0.58,1.38,3.88,5.27,4.45,0.95,0.38,1.95,2.95,9.77,-3.36
1630647.0,1.88,3.88,0.42,0.3,1.07,0.15,0.74,1.14,0.32,0.81,1.16,1.98,0.81,0.63,0.12,0.49,1.44,4.81,-3.23
1626224.0,2.56,5.33,0.45,1.19,3.07,0.34,0.49,0.72,0.19,0.35,2.15,2.5,1.65,0.5,0.15,0.65,1.49,6.79,-4.9
1626162.0,5.69,12.91,0.44,1.49,4.78,0.27,2.56,3.41,0.57,1.38,3.63,5.01,1.49,1.13,0.69,1.28,2.85,15.43,-0.37
101108.0,3.55,8.05,0.43,1.34,3.62,0.33,0.74,0.9,0.26,0.31,3.57,3.88,6.78,1.21,0.1,1.31,1.86,9.19,1.9
1626166.0,2.67,6.17,0.42,1.33,3.42,0.34,0.74,0.86,0.27,0.27,1.23,1.5,2.63,0.54,0.14,0.85,1.62,7.41,-0.14
1627780.0,2.34,4.16,0.53,0.45,1.25,0.25,0.32,0.52,0.18,1.05,1.52,2.57,1.09,0.89,0.41,0.61,1.75,5.45,1.89
1630196.0,0.33,0.67,0.17,0.0,0.0,0.0,0.33,0.67,0.17,0.0,0.33,0.33,0.0,0.0,0.0,0.0,0.33,1.0,2.0
1641763.0,0.8,1.92,0.24,0.3,0.95,0.12,0.32,0.48,0.14,0.3,0.6,0.9,0.32,0.18,0.18,0.25,1.0,2.22,-0.15
1629618.0,0.56,1.3,0.33,0.33,0.93,0.23,0.11,0.15,0.06,0.04,0.48,0.52,0.78,0.15,0.0,0.33,0.48,1.56,-0.04
203486.0,1.89,3.33,0.53,0.0,0.13,0.0,1.52,2.15,0.42,1.3,3.78,5.09,1.2,0.3,0.37,0.78,1.48,5.3,0.24
1641764.0,3.66,8.07,0.44,1.22,3.16,0.35,0.68,1.07,0.3,1.59,4.18,5.77,3.69,0.82,0.19,1.19,1.65,9.22,3.58
1627751.0,4.96,7.56,0.66,0.0,0.0,0.0,1.18,2.14,0.37,2.92,5.66,8.58,2.54,0.7,1.52,1.54,2.98,11.1,-0.36
1630197.0,1.75,4.32,0.37,0.64,1.96,0.29,1.07,1.46,0.34,0.61,2.57,3.18,1.25,0.54,0.46,0.68,0.79,5.21,-2.64
1629673.0,6.28,15.21,0.39,2.36,7.23,0.3,2.46,2.81,0.68,0.41,2.31,2.72,4.4,1.1,0.32,2.41,3.13,17.38,-7.06
1641854.0,2.27,4.47,0.37,0.24,0.67,0.11,0.8,1.1,0.35,0.41,1.73,2.14,2.31,0.41,0.29,0.88,0.78,5.59,-0.49
1629008.0,6.44,13.32,0.48,2.72,6.84,0.39,1.14,1.36,0.46,1.31,5.67,6.98,1.51,0.52,0.65,1.14,1.83,16.74,5.83
203490.0,0.93,2.2,0.34,0.53,1.53,0.26,0.2,0.2,0.13,0.4,1.53,1.93,0.53,0.33,0.33,0.13,1.27,2.6,1.47
1626171.0,5.68,11.2,0.49,1.22,3.0,0.33,1.2,1.51,0.45,1.73,5.67,7.4,1.27,0.83,0.41,1.11,2.3,13.78,-0.05
204001.0,6.81,13.19,0.52,1.93,5.14,0.38,4.54,5.3,0.79,1.7,5.47,7.18,2.02,0.74,1.95,1.56,2.74,20.09,7.33
1630695.0,1.19,2.5,0.32,0.56,1.31,0.26,0.38,0.5,0.25,0.62,2.06,2.69,0.38,0.25,0.38,0.31,0.88,3.31,-1.75
203939.0,1.14,1.68,0.45,0.02,0.05,0.02,1.0,1.41,0.34,1.54,1.86,3.4,1.33,0.41,0.32,0.51,1.79,3.3,0.05
1626181.0,4.91,10.11,0.48,2.2,5.05,0.42,1.88,2.26,0.53,0.21,2.36,2.57,1.08,0.57,0.29,0.87,1.8,13.89,2.8
1630563.0,0.5,1.5,0.25,0.0,0.5,0.0,0.0,0.0,0.0,0.5,0.0,0.5,0.0,0.0,0.5,2.0,0.0,1.0,-0.5
1627752.0,3.24,7.33,0.44,1.81,4.56,0.37,0.64,0.87,0.29,0.27,2.68,2.95,1.53,0.74,0.45,0.94,1.87,8.94,-1.51
1630202.0,3.62,7.74,0.43,1.79,4.66,0.37,0.56,0.68,0.24,0.85,2.38,3.23,3.43,0.48,0.07,0.74,1.29,9.6,5.48
1641765.0,1.0,2.6,0.25,0.32,1.12,0.11,0.7,1.02,0.2,0.62,1.35,1.98,0.55,0.18,0.1,0.2,0.5,3.02,-2.17
1630243.0,1.0,2.71,0.29,0.21,1.21,0.05,0.64,0.86,0.3,0.21,1.21,1.43,1.29,0.5,0.36,0.5,1.07,2.86,-0.64
1629674.0,2.39,3.71,0.54,0.0,0.0,0.0,0.71,1.0,0.28,1.89,2.46,4.36,0.71,0.46,0.75,0.46,1.79,5.5,4.82
1630193.0,5.71,13.15,0.43,2.51,6.37,0.39,3.07,3.6,0.71,0.25,3.56,3.81,4.87,0.74,0.15,1.49,1.75,17.0,-0.49
1631311.0,1.51,3.81,0.3,0.86,2.38,0.26,0.54,0.78,0.24,0.57,1.38,1.95,0.97,0.16,0.05,0.46,1.19,4.43,0.46
203944.0,8.59,18.17,0.46,1.65,5.3,0.32,5.13,6.57,0.79,2.15,7.04,9.2,4.98,0.54,0.26,3.46,2.72,23.96,4.78
1641871.0,3.38,7.34,0.45,1.29,3.6,0.36,1.01,1.37,0.4,1.37,2.31,3.68,0.99,0.49,0.56,0.76,2.37,9.07,-2.79
1630559.0,5.57,11.46,0.49,1.88,5.12,0.36,2.83,3.32,0.73,0.7,3.6,4.29,5.49,0.8,0.3,2.12,1.87,15.85,-0.49
1629629.0,1.9,4.88,0.29,0.77,2.29,0.22,0.85,1.12,0.29,0.56,1.5,2.06,1.0,0.98,0.29,0.65,1.33,5.42,-1.06
1630194.0,3.16,5.85,0.54,0.26,0.7,0.17,0.74,1.04,0.33,2.35,3.6,5.95,1.33,0.82,1.02,0.82,2.41,7.32,1.18
1629675.0,5.01,10.51,0.48,2.09,5.04,0.4,1.35,1.83,0.45,0.9,4.32,5.22,1.31,0.78,0.9,1.37,2.12,13.46,3.09
1631197.0,1.94,3.88,0.38,0.71,1.82,0.25,0.29,0.47,0.15,0.18,1.76,1.94,0.82,0.18,0.76,0.41,1.65,4.88,-2.35
1630208.0,3.88,5.61,0.69,0.0,0.01,0.0,1.97,2.67,0.58,2.57,5.48,8.04,0.81,0.39,1.1,1.09,2.63,9.73,-6.4
1626196.0,3.58,8.07,0.44,1.53,4.42,0.34,1.19,1.26,0.53,0.42,2.4,2.81,2.44,0.56,0.33,0.84,1.77,9.88,-2.47
1629130.0,4.47,9.93,0.42,2.75,6.96,0.38,1.18,1.32,0.43,0.22,2.32,2.54,2.82,0.68,0.24,1.4,2.4,12.87,0.56
1629010.0,0.5,1.5,0.15,0.09,0.77,0.05,0.32,0.5,0.15,0.05,0.23,0.27,0.23,0.05,0.14,0.09,0.23,1.41,1.23
1629011.0,2.35,4.1,0.52,0.0,0.0,0.0,0.87,2.13,0.25,4.58,3.9,8.48,0.58,1.19,1.13,0.81,1.77,5.58,0.42
1631115.0,1.0,2.0,0.19,0.22,0.42,0.14,0.53,0.69,0.24,0.78,1.56,2.33,0.94,0.19,0.22,0.5,0.97,2.75,0.28
1630526.0,1.15,2.44,0.36,0.33,1.0,0.17,0.31,0.41,0.1,0.59,1.36,1.95,0.54,0.26,0.1,0.41,0.62,2.95,-0.56
1631223.0,2.54,6.29,0.34,0.74,2.52,0.18,0.72,1.05,0.27,0.82,2.43,3.25,1.23,0.42,0.17,0.88,1.11,6.54,-3.45
1631157.0,1.08,2.08,0.48,0.23,0.31,0.23,1.0,1.31,0.31,0.15,0.85,1.0,1.08,0.77,0.23,0.62,0.62,3.38,4.77
201565.0,3.17,6.88,0.45,0.62,1.71,0.32,1.0,1.12,0.41,0.29,1.58,1.88,3.25,0.33,0.08,1.29,0.88,7.96,-1.38
1626179.0,7.25,16.36,0.44,2.44,6.72,0.32,2.82,3.25,0.68,0.57,3.48,4.05,5.61,1.03,0.34,1.74,1.66,19.75,-4.75
1641712.0,1.38,4.13,0.3,0.72,2.0,0.22,0.49,0.64,0.26,0.62,1.74,2.36,1.59,0.31,0.08,0.79,1.44,3.97,-3.18
1626156.0,6.47,14.21,0.45,2.97,7.17,0.38,2.09,2.53,0.59,0.37,2.74,3.11,6.34,0.91,0.47,2.05,2.05,18.01,2.39
1630346.0,1.75,4.04,0.29,1.46,3.25,0.3,0.46,0.5,0.18,0.21,1.21,1.43,0.64,0.21,0.04,0.68,1.14,5.43,0.46
1627734.0,7.73,13.02,0.6,0.4,1.06,0.27,3.56,5.06,0.65,3.59,10.07,13.66,8.21,0.9,0.59,3.32,3.05,19.43,0.84
1629677.0,1.4,3.67,0.29,0.3,1.49,0.17,1.02,1.3,0.32,0.51,1.86,2.37,0.44,0.12,0.16,0.65,0.74,4.12,-1.19
1631257.0,0.64,1.0,0.32,0.0,0.14,0.0,0.14,0.14,0.07,0.21,0.71,0.93,0.21,0.07,0.14,0.0,0.36,1.43,-0.93
1641766.0,1.56,3.0,0.32,0.0,0.0,0.0,0.89,1.33,0.15,2.11,1.89,4.0,0.0,0.11,0.0,0.56,0.56,4.0,3.78
1630611.0,1.22,2.39,0.44,0.43,1.17,0.27,0.7,0.74,0.33,0.74,1.39,2.13,0.61,0.17,0.09,0.3,1.0,3.57,0.7
203967.0,2.83,6.06,0.41,1.16,3.08,0.3,1.23,1.45,0.47,1.14,3.28,4.42,2.25,0.48,0.16,1.22,1.75,8.05,-0.31
1630846.0,0.73,1.27,0.28,0.13,0.4,0.04,0.67,1.0,0.28,0.67,1.73,2.4,0.13,0.0,0.47,0.2,1.2,2.27,0.07
1631204.0,3.08,7.21,0.4,1.27,3.38,0.35,0.82,0.93,0.29,0.15,1.61,1.76,3.32,0.62,0.17,1.27,1.45,8.25,-3.51
1629678.0,0.43,1.13,0.19,0.26,0.7,0.19,0.0,0.09,0.0,0.13,0.61,0.74,0.3,0.04,0.0,0.22,0.39,1.13,-0.57
203471.0,5.04,11.59,0.43,1.72,4.6,0.36,2.22,2.66,0.61,0.49,2.54,3.02,6.1,0.79,0.21,1.91,2.05,14.02,-1.58
1631220.0,0.67,2.17,0.24,0.17,0.33,0.08,0.83,1.0,0.42,0.17,1.0,1.17,0.83,0.33,0.17,0.0,0.67,2.33,4.67
1630578.0,8.37,15.59,0.54,0.52,1.76,0.27,3.87,5.59,0.64,2.9,6.44,9.35,4.95,1.21,0.73,2.57,3.35,21.13,0.76
1641729.0,2.66,6.81,0.33,1.06,3.59,0.25,1.16,1.28,0.37,0.5,2.69,3.19,1.72,0.41,0.19,1.47,1.34,7.53,-5.41
1629012.0,6.49,13.31,0.47,1.64,4.17,0.34,4.08,4.74,0.81,0.91,1.72,2.63,4.91,0.79,0.23,2.12,1.97,18.69,-1.83
1629013.0,2.57,5.96,0.39,1.15,3.41,0.32,0.83,1.0,0.28,0.35,1.0,1.35,1.17,0.54,0.22,0.65,1.65,7.11,-3.24
1630549.0,2.75,4.82,0.59,0.07,0.25,0.05,1.23,2.02,0.36,2.64,3.74,6.38,1.39,0.39,0.72,1.15,2.15,6.8,1.1
1631101.0,5.5,13.56,0.39,1.88,5.62,0.32,3.06,3.72,0.76,1.31,3.69,5.0,2.94,0.88,0.38,2.25,2.75,15.94,-7.69
1641767.0,1.58,4.02,0.31,0.86,2.74,0.23,0.4,0.46,0.21,0.26,1.3,1.56,0.93,0.58,0.04,0.26,1.54,4.42,1.21
1627783.0,8.51,15.89,0.53,1.06,3.08,0.32,3.62,4.95,0.7,1.74,5.32,7.06,4.28,0.79,0.31,1.76,2.41,21.71,1.41
1627732.0,2.87,4.93,0.55,0.0,0.0,0.0,0.4,1.0,0.13,2.07,5.87,7.93,5.73,0.8,0.6,1.8,2.4,6.13,-2.47
1629014.0,7.83,18.2,0.41,3.39,8.8,0.36,3.54,3.87,0.8,0.48,3.15,3.63,5.54,0.5,0.11,2.74,2.13,22.59,-7.17
1630579.0,0.84,1.22,0.38,0.0,0.0,0.0,0.36,0.53,0.16,1.24,2.02,3.27,0.56,0.18,0.42,0.36,1.0,2.04,-0.24
1641771.0,0.33,0.5,0.18,0.0,0.17,0.0,0.0,0.0,0.0,0.08,0.5,0.58,0.17,0.08,0.08,0.17,0.67,0.67,-0.5
1630606.0,0.0,0.0,0.0,0.0,0.0,0.0,0.0,0.0,0.0,0.0,0.0,0.0,0.0,0.0,0.0,0.0,0.0,0.0,-3.0
203935.0,5.1,11.85,0.41,2.1,6.7,0.26,2.15,2.8,0.62,0.3,2.35,2.65,4.3,2.05,0.25,3.1,2.65,14.45,-0.95
1630696.0,1.67,3.67,0.31,0.78,1.89,0.28,0.22,0.22,0.11,0.67,0.89,1.56,1.56,1.0,0.33,0.56,1.33,4.33,-4.78
202397.0,1.53,3.67,0.38,0.09,0.19,0.08,0.07,0.09,0.03,0.26,1.51,1.77,3.37,0.4,0.09,1.09,1.14,3.23,-6.51
1630188.0,3.84,6.48,0.61,1.0,2.36,0.43,1.18,1.7,0.4,1.84,3.69,5.52,1.03,0.28,0.62,0.72,2.03,9.85,-0.21
1631173.0,1.12,2.88,0.25,0.81,2.19,0.23,0.19,0.31,0.09,0.0,0.25,0.25,0.75,0.5,0.0,0.44,0.5,3.25,-0.44
1628372.0,2.62,6.04,0.43,0.57,1.95,0.21,0.77,1.04,0.3,0.89,2.04,2.93,3.62,1.21,0.21,1.21,2.16,6.59,-0.66
1631095.0,4.97,10.96,0.45,1.82,5.0,0.36,1.97,2.43,0.62,1.83,6.28,8.11,1.59,0.68,0.8,1.17,2.63,13.74,-1.11
1641733.0,2.22,5.67,0.41,1.24,2.86,0.39,0.25,0.29,0.09,0.35,1.06,1.41,1.16,0.2,0.14,0.76,1.08,5.92,-3.8
1631110.0,4.59,10.49,0.41,0.95,3.07,0.27,1.5,1.95,0.48,1.85,4.58,6.43,3.36,0.84,0.54,1.89,2.27,11.64,-4.65
1630531.0,1.2,3.02,0.28,0.2,0.98,0.12,0.71,0.86,0.29,0.67,0.92,1.59,0.9,0.73,0.31,0.69,1.35,3.33,-0.55
1630205.0,2.84,6.32,0.42,0.37,1.21,0.24,1.11,1.42,0.29,0.95,2.39,3.34,0.74,0.61,0.58,0.63,1.18,7.16,0.24
1630191.0,4.04,8.3,0.5,1.46,3.8,0.39,1.39,1.85,0.54,1.61,5.02,6.63,1.59,0.37,0.83,1.43,2.15,10.93,-2.91
1631124.0,1.64,4.44,0.25,0.82,2.76,0.15,0.44,0.62,0.16,0.1,1.12,1.22,0.94,0.34,0.14,0.46,1.08,4.54,-2.02
1629622.0,4.34,10.4,0.41,2.4,6.84,0.33,1.1,1.39,0.35,0.94,3.89,4.83,4.04,0.91,0.41,1.6,2.43,12.19,3.6
1630591.0,4.48,9.52,0.47,2.04,5.13,0.37,1.57,2.08,0.49,0.64,2.41,3.05,2.73,1.41,0.63,1.76,2.73,12.57,0.6
1631306.0,0.83,2.11,0.26,0.56,1.67,0.17,0.11,0.11,0.06,0.06,0.33,0.39,0.28,0.06,0.06,0.44,0.22,2.33,-1.11
1630256.0,1.66,3.52,0.43,0.35,1.18,0.18,0.4,0.6,0.18,0.94,2.09,3.03,0.98,0.65,0.23,0.57,2.11,4.08,1.18
1628369.0,9.08,19.27,0.47,3.09,8.23,0.37,5.59,6.72,0.79,0.91,7.22,8.12,4.92,1.01,0.58,2.54,1.96,26.85,8.22
1630678.0,0.65,1.26,0.37,0.06,0.29,0.05,0.13,0.16,0.08,0.55,0.65,1.19,0.32,0.16,0.06,0.23,0.55,1.48,0.52
202066.0,1.07,2.89,0.39,0.44,1.48,0.21,0.67,0.81,0.24,0.67,1.0,1.67,1.04,0.44,0.11,0.52,1.04,3.26,-2.93
1631207.0,1.17,2.66,0.34,0.29,1.25,0.16,0.42,0.73,0.16,0.49,1.42,1.92,1.37,0.46,0.31,0.54,1.37,3.05,0.66
1628464.0,2.6,4.88,0.48,0.43,1.18,0.25,0.63,0.83,0.27,1.42,2.65,4.07,1.02,0.35,0.85,0.7,2.12,6.27,1.05
1630560.0,7.97,18.03,0.43,2.18,6.0,0.32,4.33,5.06,0.81,0.42,2.82,3.24,2.91,0.68,0.24,1.88,2.09,22.45,-3.08
1641708.0,3.85,7.19,0.51,0.13,0.94,0.08,1.71,2.5,0.49,2.39,4.21,6.6,2.63,1.26,0.61,1.45,2.27,9.55,0.73
1641709.0,3.68,7.62,0.47,0.33,1.79,0.12,1.13,1.89,0.37,2.05,4.33,6.38,1.9,1.08,0.94,1.33,2.78,8.83,-3.63
202691.0,6.36,14.71,0.42,3.48,8.99,0.37,1.65,1.78,0.59,0.45,2.84,3.3,2.29,0.65,0.45,1.52,1.65,17.86,0.05
202684.0,1.49,2.45,0.46,0.0,0.02,0.0,0.31,1.06,0.12,1.49,2.06,3.55,1.04,0.24,0.29,0.59,1.2,3.29,-0.27
1630550.0,1.27,2.9,0.38,0.44,1.29,0.2,0.17,0.32,0.1,0.68,1.63,2.32,0.46,0.17,0.43,0.24,0.95,3.16,-0.78
1629680.0,1.94,4.88,0.35,1.23,3.55,0.3,0.34,0.45,0.14,0.46,1.63,2.09,1.38,1.74,0.75,0.62,1.43,5.45,-3.55
1630214.0,2.24,5.17,0.42,0.37,1.5,0.18,0.41,0.93,0.14,1.3,2.61,3.91,1.43,0.94,0.81,0.63,1.39,5.26,-1.09
1631210.0,0.56,1.0,0.12,0.11,0.44,0.04,0.22,0.22,0.11,0.33,0.44,0.78,0.33,0.0,0.11,0.11,0.33,1.44,-1.78
1630167.0,4.05,7.06,0.56,1.24,3.09,0.37,0.94,1.22,0.42,1.04,2.87,3.9,1.56,0.57,0.52,0.84,1.74,10.28,1.72
1626157.0,7.73,15.34,0.51,2.19,5.27,0.42,4.11,4.71,0.8,1.52,6.79,8.31,3.05,0.69,0.66,2.85,3.29,21.76,5.16
1629018.0,5.08,11.93,0.41,2.51,6.38,0.37,1.04,1.35,0.33,0.35,2.3,2.65,1.68,1.08,0.14,0.66,1.35,13.72,-2.73
1631131.0,1.25,2.5,0.63,0.0,0.0,0.0,0.75,1.0,0.38,1.0,1.0,2.0,0.25,0.25,0.12,0.0,0.38,3.25,1.75
200782.0,0.58,1.61,0.2,0.42,1.13,0.24,0.1,0.1,0.06,0.9,1.84,2.74,0.52,0.52,0.23,0.26,1.74,1.68,-0.74
1626167.0,6.18,11.81,0.52,1.51,4.21,0.33,3.18,4.12,0.72,1.47,5.45,6.92,1.3,0.51,1.87,1.42,3.01,17.05,2.83
1641816.0,0.44,1.11,0.27,0.22,0.78,0.17,0.0,0.0,0.0,0.06,0.44,0.5,0.11,0.06,0.0,0.11,0.56,1.11,0.44
1630649.0,1.54,3.5,0.31,1.0,2.21,0.29,1.21,1.33,0.35,0.33,1.79,2.12,0.46,0.33,0.29,0.58,1.67,5.29,-3.29
202685.0,4.9,8.77,0.55,0.45,1.46,0.21,1.96,2.5,0.56,2.27,6.52,8.79,2.11,0.39,0.83,1.35,2.66,12.22,1.91
1627832.0,5.79,13.95,0.41,3.11,8.03,0.38,2.7,3.14,0.69,0.45,3.36,3.81,8.07,1.38,0.81,1.73,2.51,17.4,2.51
1629020.0,2.03,3.93,0.48,0.28,0.93,0.16,0.83,1.24,0.26,1.41,3.34,4.76,1.24,1.24,0.17,0.97,1.48,5.17,1.52
1630170.0,7.32,15.53,0.46,2.44,6.56,0.36,2.37,2.96,0.68,0.4,3.44,3.84,4.07,1.07,0.34,1.59,1.09,19.46,-4.28
1628426.0,2.0,4.55,0.39,1.07,2.86,0.34,0.29,0.36,0.14,0.71,1.57,2.29,0.45,0.48,0.17,0.29,1.0,5.36,0.1
1629216.0,1.36,4.45,0.23,0.27,2.55,0.08,0.09,0.18,0.05,0.36,0.45,0.82,1.91,0.82,0.0,0.45,1.73,3.09,2.82
202696.0,7.71,15.93,0.48,1.21,4.12,0.3,1.39,1.7,0.49,2.76,7.78,10.54,3.34,0.66,0.79,1.58,2.5,18.03,-2.37
1629731.0,1.78,4.3,0.35,1.46,3.74,0.33,0.37,0.48,0.16,0.69,3.35,4.04,0.8,0.74,0.46,0.37,1.72,5.39,3.24
1630532.0,7.33,15.22,0.48,1.31,4.64,0.26,3.76,4.43,0.79,1.0,4.29,5.29,3.74,1.06,0.39,1.9,2.33,19.74,2.82
1629021.0,4.15,6.9,0.6,0.48,1.44,0.25,2.08,2.55,0.63,1.46,2.88,4.34,1.2,0.49,0.26,1.21,2.0,10.85,1.18
1630688.0,0.64,2.18,0.2,0.64,1.82,0.21,0.18,0.18,0.09,0.27,1.0,1.27,0.09,0.36,0.09,0.18,0.73,2.09,-0.36
1631133.0,3.25,7.07,0.46,0.57,1.93,0.25,1.79,2.38,0.59,2.1,4.96,7.06,0.99,0.58,0.31,0.92,2.4,8.86,-4.69
1641716.0,1.36,3.33,0.27,0.67,1.67,0.22,0.24,0.27,0.11,0.36,1.55,1.91,1.21,0.45,0.33,0.52,0.88,3.64,0.58
1629022.0,3.59,8.48,0.38,1.79,4.67,0.33,0.78,1.02,0.31,0.22,1.97,2.19,1.28,0.55,0.34,0.88,1.22,9.74,0.09
1641717.0,2.65,5.39,0.48,1.2,2.85,0.4,0.35,0.45,0.18,0.63,1.65,2.28,1.46,0.93,0.45,0.55,1.57,6.84,1.55
1641775.0,0.67,1.67,0.36,0.22,1.0,0.07,0.11,0.22,0.06,0.56,1.67,2.22,0.56,0.56,0.11,0.33,1.22,1.67,5.22
1629023.0,4.85,11.11,0.41,1.81,5.66,0.3,1.36,1.99,0.43,1.16,4.47,5.63,1.93,0.99,0.81,1.32,2.32,12.86,-1.82
1631102.0,0.55,1.82,0.18,0.18,0.55,0.18,0.0,0.0,0.0,0.09,0.36,0.45,0.45,0.27,0.0,0.18,0.09,1.27,-1.18
1629139.0,1.21,3.41,0.3,0.74,2.5,0.22,0.29,0.5,0.16,0.32,1.26,1.59,0.44,0.35,0.21,0.56,1.15,3.44,-2.0
1630322.0,1.29,2.74,0.32,0.97,2.24,0.27,0.05,0.05,0.05,0.18,0.87,1.05,0.63,0.13,0.18,0.18,0.61,3.61,-0.97
1630570.0,2.6,4.94,0.51,0.43,1.08,0.22,1.22,1.54,0.37,0.83,2.25,3.08,1.29,0.37,0.3,1.0,1.68,6.86,-1.17
1631212.0,2.6,5.59,0.46,0.56,1.9,0.22,0.89,1.32,0.34,0.7,2.52,3.22,1.08,0.52,1.1,0.72,1.79,6.65,-0.85
1641705.0,7.76,16.7,0.46,1.8,5.55,0.31,4.11,5.17,0.74,2.27,8.37,10.63,3.86,1.24,3.58,3.66,2.15,21.44,-2.0
1631104.0,1.67,3.52,0.4,0.2,0.9,0.13,0.85,1.28,0.38,0.3,1.25,1.54,2.72,0.48,0.15,0.9,1.46,4.39,-2.36
201566.0,4.43,9.75,0.46,0.62,2.26,0.2,1.62,2.35,0.49,1.37,3.68,5.04,4.5,1.09,0.34,2.12,1.78,11.09,1.54
1629632.0,6.85,15.3,0.44,2.65,7.04,0.35,2.76,3.29,0.68,0.56,3.97,4.53,5.13,0.67,0.23,2.1,2.35,19.1,-0.46
1628401.0,5.3,11.49,0.46,2.68,6.78,0.37,1.88,2.08,0.59,0.7,3.55,4.25,5.16,1.01,1.19,1.53,2.08,15.16,8.48
1641727.0,0.5,2.5,0.1,0.0,1.5,0.0,0.5,1.0,0.25,0.0,2.0,2.0,1.5,0.0,0.5,0.0,0.0,1.5,-11.0
1641715.0,4.51,9.94,0.44,1.68,4.68,0.34,1.62,2.38,0.45,0.94,2.89,3.83,0.7,0.64,0.36,0.98,1.36,12.32,-0.57
1630598.0,2.72,4.83,0.53,0.79,1.62,0.38,0.72,0.91,0.31,0.77,1.62,2.38,1.1,0.72,0.24,0.72,1.17,6.95,1.21
203952.0,4.97,10.99,0.44,1.28,3.58,0.33,2.0,2.66,0.53,1.52,3.0,4.52,1.68,0.59,0.58,1.23,2.07,13.23,-0.82
1629623.0,0.67,1.67,0.17,0.0,0.67,0.0,0.67,0.67,0.33,0.0,0.0,0.0,0.0,0.0,0.0,0.33,0.33,2.0,-3.33
1629684.0,3.63,7.96,0.44,1.66,4.42,0.35,1.39,1.84,0.41,1.13,3.05,4.18,2.29,0.58,0.51,1.43,2.97,10.32,-3.18
1631114.0,7.55,13.99,0.54,1.45,3.39,0.41,2.54,3.11,0.7,0.52,3.45,3.97,4.54,1.13,0.63,1.73,2.46,19.08,5.38
1631119.0,1.38,3.3,0.41,0.77,2.09,0.33,0.48,0.59,0.19,0.52,2.87,3.39,1.59,0.41,0.39,0.49,1.42,4.0,1.81
1629026.0,1.9,4.06,0.44,0.81,2.04,0.33,0.1,0.2,0.05,0.88,2.14,3.03,1.35,0.55,0.13,0.46,1.46,4.71,2.2
1631109.0,5.16,7.95,0.68,0.0,0.0,0.0,2.42,3.37,0.68,4.0,5.68,9.68,1.16,0.84,1.05,0.89,2.63,12.74,-1.11
1631466.0,1.23,2.27,0.39,0.09,0.23,0.09,0.32,0.59,0.2,0.55,0.5,1.05,0.32,0.18,0.05,0.18,0.45,2.86,1.05
1630172.0,3.7,8.35,0.4,1.37,3.44,0.38,1.21,1.53,0.44,1.07,2.79,3.86,1.53,0.93,0.77,1.33,2.02,9.98,-0.33
1630533.0,2.94,7.41,0.34,1.14,3.71,0.29,1.22,1.47,0.38,0.69,2.84,3.53,1.47,0.71,0.18,1.29,1.67,8.24,-4.8
1629057.0,2.83,4.33,0.65,0.0,0.0,0.0,1.17,1.5,0.61,1.83,4.5,6.33,0.83,1.17,1.17,1.17,2.83,6.83,-5.0
1631246.0,3.25,7.29,0.4,1.52,4.02,0.34,2.0,2.5,0.48,1.13,4.44,5.58,3.37,0.9,0.65,1.77,2.6,10.02,-1.79
1629627.0,8.91,15.63,0.57,0.09,0.26,0.06,4.96,7.06,0.65,1.74,4.06,5.8,5.03,1.1,0.67,2.76,2.27,22.87,2.06
1630592.0,1.77,4.16,0.47,0.56,1.72,0.25,0.88,1.07,0.3,1.09,1.95,3.05,1.05,0.26,0.09,0.44,1.12,4.98,-0.05
1629685.0,0.88,1.76,0.26,0.76,1.59,0.26,0.0,0.0,0.0,0.18,0.76,0.94,0.59,0.12,0.0,0.12,0.35,2.53,-0.94
1630164.0,2.97,4.84,0.56,0.0,0.03,0.0,1.14,1.62,0.35,1.75,3.59,5.33,0.86,0.19,0.62,1.05,2.24,7.08,-5.16
1631209.0,1.0,3.0,0.33,0.0,1.0,0.0,0.0,0.0,0.0,0.0,0.0,0.0,0.0,0.0,0.0,0.0,0.0,2.0,-5.0
1626174.0,2.46,5.28,0.44,0.7,2.28,0.25,1.32,1.88,0.44,0.78,4.3,5.08,0.98,0.32,0.66,1.0,1.44,6.94,0.1
1626153.0,1.57,4.0,0.37,0.53,1.45,0.27,0.79,0.96,0.26,0.4,1.43,1.83,2.53,1.15,0.23,0.3,0.68,4.47,0.26
201152.0,1.97,3.27,0.49,0.03,0.21,0.03,0.18,0.45,0.12,1.39,1.73,3.12,1.73,0.7,0.15,0.45,1.48,4.15,-1.21
1629027.0,8.02,18.67,0.43,3.24,8.69,0.37,6.44,7.54,0.83,0.43,2.33,2.76,10.8,1.33,0.2,4.35,2.02,25.72,-2.15
1630209.0,2.06,3.83,0.41,0.1,0.5,0.07,0.4,0.58,0.21,1.5,2.83,4.33,0.6,0.17,0.38,0.77,1.08,4.62,-2.77
203469.0,0.6,1.44,0.27,0.02,0.07,0.02,0.53,0.88,0.27,1.12,1.49,2.6,0.91,0.21,0.12,0.37,1.05,1.77,1.09
1627826.0,4.96,7.63,0.66,0.0,0.0,0.0,1.76,2.44,0.53,2.88,6.32,9.21,1.37,0.32,1.22,1.16,2.65,11.68,2.71